,url,category,day,month,year
319568,https://tuoitre.vn/vn-sap-co-may-ban-vang-mieng-403833.htm,kinh-doanh,4,10,2010
319435,https://tuoitre.vn/gia-vang-the-gioi-giam-nhanh-trong-nuoc-‘dung-dinh’-379840.htm,kinh-doanh,21,5,2010
295477,https://tuoitre.vn/gia-usd-vang-cung-giam-427882.htm,kinh-doanh,8,3,2011
319882,https://tuoitre.vn/goc-biem-hoa-456844.htm,kinh-doanh,21,9,2011
296972,https://tuoitre.vn/xem-clip-thong-doc-nhnn-tra-loi-vu-bau-kien-bi-bat-507797.htm,kinh-doanh,21,8,2012
297184,https://tuoitre.vn/goc-biem-hoa-517954.htm,kinh-doanh,28,10,2012
297216,https://tuoitre.vn/tu-18g-xang-mazut-giam-500-donglit-kg-519983.htm,kinh-doanh,11,11,2012
312052,https://tuoitre.vn/xang-giam-250-donglit-579652.htm,kinh-doanh,11,11,2013
298525,https://tuoitre.vn/gia-xang-tang-584-donglit-586014.htm,kinh-doanh,18,12,2013
299745,https://tuoitre.vn/diem-tin-689376.htm,kinh-doanh,23,12,2014
324343,https://tuoitre.vn/tphcm-khoang-97000-truong-hop-bi-anh-huong-khi-gia-dat-tang-688575.htm,kinh-doanh,22,12,2014
299178,https://tuoitre.vn/ta-dang-ldquoghegrave-daacute-vagraveo-chacircn-migravenhrdquo-616402.htm,kinh-doanh,4,7,2014
299174,https://tuoitre.vn/doanh-nghiep-viet-nam-mat-872-gio-moi-nam-de-nop-thue-616777.htm,kinh-doanh,4,7,2014
312559,https://tuoitre.vn/​de-xuat-cho-nguoi-viet-vao-choi-casino-633622.htm,kinh-doanh,14,8,2014
312670,https://tuoitre.vn/tphcm-se-cap-so-hong-cac-du-an-dang-bi-the-chap-667996.htm,kinh-doanh,6,11,2014
299696,https://tuoitre.vn/goi-von-tu-nhan-vao-ha-tang-682305.htm,kinh-doanh,9,12,2014
312623,https://tuoitre.vn/scenic-valley-khong-gian-song-thuan-tien-cho-nguoi-tre-649063.htm,kinh-doanh,23,9,2014
323570,https://tuoitre.vn/pha-diem-san-xuat-sua-dom-615149.htm,kinh-doanh,29,6,2014
299828,https://tuoitre.vn/bat-dong-san-sai-gon-dang-nhuc-nhich-697704.htm,kinh-doanh,12,1,2015
299885,https://tuoitre.vn/gao-thom-vn-duoc-ua-chuong-o-hong-kong-singapore-702873.htm,kinh-doanh,24,1,2015
299912,https://tuoitre.vn/xu-huong-thuong-mai-dien-tu-dong-nam-a-nam-2015-706305.htm,kinh-doanh,1,2,2015
299914,https://tuoitre.vn/tphcm-phai-xong-1570-can-ho-tai-dinh-cu-truoc-125-707265.htm,kinh-doanh,3,2,2015
299918,https://tuoitre.vn/vingroup-cong-bo-phat-trien-25-trung-tam-thuong-mai-nam-2015-706713.htm,kinh-doanh,3,2,2015
300164,https://tuoitre.vn/them-du-an-cho-vay-goi-30000-ti-dong-736343.htm,kinh-doanh,20,4,2015
300284,https://tuoitre.vn/nguoi-viet-tiet-kiem-nhat-the-gioi-cu-the-bot-mon-nao-752505.htm,kinh-doanh,26,5,2015
300384,https://tuoitre.vn/cac-bo-bi-cham-diem-thap-trong-mat-doanh-nghiep-767877.htm,kinh-doanh,27,6,2015
300385,https://tuoitre.vn/vu-phan-lo-ban-nen-bai-bien-se-dua-ra-chat-van-tai-ky-hop-hdnd-tinh-767712.htm,kinh-doanh,27,6,2015
300517,https://tuoitre.vn/khi-chinh-sach-chua-ho-tro-hang-khong-chung-788055.htm,kinh-doanh,4,8,2015
300519,https://tuoitre.vn/chi-duoc-doi-khoan-no-qua-han-thanh-toan-788037.htm,kinh-doanh,4,8,2015
300533,https://tuoitre.vn/10-thoa-thuan-thuong-mai-quan-trong-giua-eu-va-viet-nam-790347.htm,kinh-doanh,8,8,2015
300540,https://tuoitre.vn/tiep-tuc-mo-rong-san-bay-phu-quoc-899256.htm,kinh-doanh,10,8,2015
300578,https://tuoitre.vn/ti-gia-tang-them-lai-suat-huy-dong-se-tang-955218.htm,kinh-doanh,20,8,2015
300580,https://tuoitre.vn/can-can-xuat-nhap-khau-viet-nam-trung-quoc-954900.htm,kinh-doanh,20,8,2015
300757,https://tuoitre.vn/them-du-an-ti-usd-vao-thu-thiem-979051.htm,kinh-doanh,3,10,2015
300766,https://tuoitre.vn/nhung-dieu-can-biet-ve-lo-trinh-dam-phan-tpp-981349.htm,kinh-doanh,7,10,2015
300806,https://tuoitre.vn/gia-nha-dat-tai-ha-noi-va-tphcm-tang-manh-987613.htm,kinh-doanh,19,10,2015
300845,https://tuoitre.vn/so-xay-dung-chua-nhan-ho-so-ve-toa-nha-thuan-kieu-993382.htm,kinh-doanh,29,10,2015
300863,https://tuoitre.vn/quy-ngoai-rot-300-trieu-usd-vao-bat-dong-san-995248.htm,kinh-doanh,2,11,2015
300919,https://tuoitre.vn/bat-dong-san-vao-mua-khuyen-mai-cuoi-nam-1006465.htm,kinh-doanh,20,11,2015
300923,https://tuoitre.vn/nop-tien-thue-dat-mot-lan-ben-noi-bi-ep-ben-bao-co-loi-1006111.htm,kinh-doanh,20,11,2015
300946,https://tuoitre.vn/trien-lam-hoi-cho-bat-dong-san-dang-dan-mat-thieng-1011247.htm,kinh-doanh,28,11,2015
300947,https://tuoitre.vn/gia-dat-tai-da-nang-tang-vot-1011259.htm,kinh-doanh,28,11,2015
300960,https://tuoitre.vn/can-ho-nho-gia-thap-xuat-hien-nhieu-1011781.htm,kinh-doanh,30,11,2015
300977,https://tuoitre.vn/bat-dong-san-can-chinh-sach-minh-bach-on-dinh-1015501.htm,kinh-doanh,6,12,2015
300983,https://tuoitre.vn/vay-chong-nang-co-the-ho-bien-thanh-quan-1017985.htm,kinh-doanh,10,12,2015
312778,https://tuoitre.vn/gia-thue-van-phong-o-singapore-tang-ky-luc-694935.htm,kinh-doanh,5,1,2015
312784,https://tuoitre.vn/them-tam-ngan-hang-cho-vay-ho-tro-nha-o-696789.htm,kinh-doanh,9,1,2015
312822,https://tuoitre.vn/bat-dong-san-thanh-loc-chu-dau-tu-yeu-kem-702198.htm,kinh-doanh,25,1,2015
312829,https://tuoitre.vn/gia-thue-van-phong-chau-a-dat-nhat-the-gioi-705219.htm,kinh-doanh,29,1,2015
312845,https://tuoitre.vn/quoc-cuong-gia-lai-ban-thao-can-ho-708315.htm,kinh-doanh,6,2,2015
312892,https://tuoitre.vn/binh-duong-xay-dung-hang-ngan-can-nha-o-xa-hoi-729341.htm,kinh-doanh,3,4,2015
312901,https://tuoitre.vn/prudential-vao-top-10-cac-cong-ty-bao-hiem-hang-dau-the-gioi-730679.htm,kinh-doanh,7,4,2015
312917,https://tuoitre.vn/dien-mao-moi-khu-trung-tam-thu-hut-khach-thue-van-phong-737951.htm,kinh-doanh,23,4,2015
312939,https://tuoitre.vn/danh-dat-vang-lam-khong-gian-xanh-do-thi-746277.htm,kinh-doanh,13,5,2015
312962,https://tuoitre.vn/lam-ro-22-lo-tra-co-du-luong-thuoc-vuot-muc-757617.htm,kinh-doanh,6,6,2015
312979,https://tuoitre.vn/bat-dong-san-dang-khoi-sac-766962.htm,kinh-doanh,26,6,2015
312989,https://tuoitre.vn/10-thay-doi-trong-kinh-doanh-bat-dong-san-773145.htm,kinh-doanh,12,7,2015
313053,https://tuoitre.vn/loat-thuong-vu-mua-ban-bds-khung-sap-bung-no-nho-tpp-992707.htm,kinh-doanh,28,10,2015
313064,https://tuoitre.vn/mat-464-605-ngay-de-khoi-cong-du-an-bat-dong-san-1001956.htm,kinh-doanh,13,11,2015
313099,https://tuoitre.vn/xay-dung-quy-trinh-cap-bao-lanh-bat-dong-san-1015867.htm,kinh-doanh,7,12,2015
313107,https://tuoitre.vn/tphcm-un-tac-so-do-1020712.htm,kinh-doanh,15,12,2015
313112,https://tuoitre.vn/bai-giai-tai-chinh-cho-khach-muon-dau-tu-vao-khu-dong-tphcm-1025362.htm,kinh-doanh,23,12,2015
320811,https://tuoitre.vn/nhieu-chieu-keo-khach-mua-bat-dong-san-704004.htm,kinh-doanh,27,1,2015
320842,https://tuoitre.vn/ha-noi-thi-diem-bu-tien-cho-nguoi-dan-tu-lo-tai-dinh-cu-728405.htm,kinh-doanh,1,4,2015
320883,https://tuoitre.vn/trai-vai-viet-nam-va-trung-quoc-cuoc-dua-chua-can-suc-768297.htm,kinh-doanh,28,6,2015
320912,https://tuoitre.vn/giao-dich-tang-manh-khong-xuat-hien-bong-bong-978703.htm,kinh-doanh,2,10,2015
320915,https://tuoitre.vn/khao-sat-nhan-thuc-ve-tpp-987193.htm,kinh-doanh,18,10,2015
320916,https://tuoitre.vn/giao-dich-nha-pho-dat-nen-o-tphcm-soi-dong-991390.htm,kinh-doanh,26,10,2015
320923,https://tuoitre.vn/thi-truong-nong-doanh-nghiep-bat-dong-san-lai-hang-tram-ti-1005961.htm,kinh-doanh,19,11,2015
322720,https://tuoitre.vn/ngan-hang-se-hoan-lai-tien-cho-nguoi-mua-neu-du-an-nha-o-cham-tien-do-766353.htm,kinh-doanh,24,6,2015
322740,https://tuoitre.vn/nguoi-nuoc-ngoai-mua-nha-co-dau-hieu-tang-984715.htm,kinh-doanh,14,10,2015
322741,https://tuoitre.vn/bat-dong-san-nghi-duong-bia-kem-moi-993847.htm,kinh-doanh,30,10,2015
323632,https://tuoitre.vn/chung-cu-cho-thue-de-o-hut-khach-709137.htm,kinh-doanh,8,2,2015
324129,https://tuoitre.vn/thu-ho​i-dat-ks-hai-yen-nha-trang-de-xay-khu-phuc-hop-726611.htm,kinh-doanh,28,3,2015
324138,https://tuoitre.vn/dat-nen-soi-dong-nho-chieu-bai-cam-ket-loi-nhuan-980860.htm,kinh-doanh,6,10,2015
301188,https://tuoitre.vn/thu-tuong-noi-nen-bo-tri-cum-thi-tai-tat-ca-tinh-thanh-1046449.htm,kinh-doanh,29,1,2016
301221,https://tuoitre.vn/cho-vay-bat-dong-san-se-bi-siet-chat-1049917.htm,kinh-doanh,6,2,2016
301264,https://tuoitre.vn/du-an-rusalka-se-duoc-lam-moi-1057246.htm,kinh-doanh,26,2,2016
301376,https://tuoitre.vn/tang-truong-gdp-chung-bat-dong-san-am-lai-1073812.htm,kinh-doanh,25,3,2016
301578,https://tuoitre.vn/hai-nha-may-ngan-ti-dap-chieu-van-kho-khan-1101610.htm,kinh-doanh,16,5,2016
301586,https://tuoitre.vn/siet-von-bat-dong-san-la-hop-ly-nhung-can-lo-trinh-12-nam-1103056.htm,kinh-doanh,18,5,2016
301673,https://tuoitre.vn/dan-can-nha-gia-re-nhung-toan-xay-nha-dat-tien-1115194.htm,kinh-doanh,9,6,2016
301837,https://tuoitre.vn/tphcm-se-cong-khai-cac-du-an-cam-ngan-hang-1136887.htm,kinh-doanh,15,7,2016
301968,https://tuoitre.vn/air-asia-tang-ve-bay-mien-phi-suot-doi-cho-hoang-xuan-vinh-1160266.htm,kinh-doanh,24,8,2016
302047,https://tuoitre.vn/soi-dong-tour-kham-pha-bat-dong-san-o-tphcm-1173864.htm,kinh-doanh,19,9,2016
302166,https://tuoitre.vn/ban-chuyen-danh-thue-nguoi-co-nhieu-nha-1210564.htm,kinh-doanh,31,10,2016
302171,https://tuoitre.vn/de-xuat-khong-danh-thue-nha-cap-4-nha-duoi-1-ti-dong-1212322.htm,kinh-doanh,2,11,2016
302226,https://tuoitre.vn/vi-sao-gia-usd-lien-tuc-nhich-len-1221331.htm,kinh-doanh,18,11,2016
302236,https://tuoitre.vn/nhan-dien-thit-heo-sach-bang-dien-thoai-nhu-the-nao-1220710.htm,kinh-doanh,22,11,2016
313274,https://tuoitre.vn/tphcm-kien-nghi-giao-dat-nho-hep-canh-nha-de-hop-khoi-1098832.htm,kinh-doanh,11,5,2016
313355,https://tuoitre.vn/de-nhieu-nguoi-dan-tim-den-chung-cu-hon-1132480.htm,kinh-doanh,6,7,2016
313488,https://tuoitre.vn/noi-bai-dung-thu-19-30-san-bay-tot-nhat-chau-a-1190575.htm,kinh-doanh,18,10,2016
313546,https://tuoitre.vn/tin-sap-doi-tien-la-hoan-toan-bia-dat-1228897.htm,kinh-doanh,1,12,2016
320946,https://tuoitre.vn/dieu-chinh-do-cao-cac-cao-oc-o-nha-trang-1033210.htm,kinh-doanh,6,1,2016
321046,https://tuoitre.vn/nha-cua-rao-ban-lung-tung-chon-mat-nao-gui-tien-day-1117831.htm,kinh-doanh,14,6,2016
321137,https://tuoitre.vn/ep-khach-vao-o-chung-cu-do-dang-1186603.htm,kinh-doanh,12,10,2016
322795,https://tuoitre.vn/big-c-da-nang-chua-duoc-thay-doi-nguoi-dai-dien-1135465.htm,kinh-doanh,12,7,2016
302445,https://tuoitre.vn/clip-mang-nhau-xoi-xa-cho-mua-vang-ngay-than-tai-1260454.htm,kinh-doanh,6,2,2017
302504,https://tuoitre.vn/siet-dan-dong-von-vao-bat-dong-san-1274276.htm,kinh-doanh,4,3,2017
302505,https://tuoitre.vn/bo-cong-thuong-tiep-tuc-rut-phep-hai-cong-ty-da-cap-1275728.htm,kinh-doanh,6,3,2017
302521,https://tuoitre.vn/xu-huong-tich-cuc-va-tieu-cuc-trong-dieu-hanh-kinh-te-dia-phuong-1279967.htm,kinh-doanh,14,3,2017
302600,https://tuoitre.vn/san-nha-hang-sang-giua-trung-tam-sai-gon-1299396.htm,kinh-doanh,17,4,2017
302619,https://tuoitre.vn/de-xuat-thu-thue-chuyen-muc-dich-su-dung-dat-1301571.htm,kinh-doanh,21,4,2017
302647,https://tuoitre.vn/nha-nguoi-nay-o-nhung-so-nha-cua-nguoi-khac-1308015.htm,kinh-doanh,3,5,2017
302654,https://tuoitre.vn/so-mat-trom-atm-dong-cua-ngu-som-1310352.htm,kinh-doanh,7,5,2017
302754,https://tuoitre.vn/khanh-hoa-cong-khai-50-du-an-nha-o-the-chap-ngan-hang-1331166.htm,kinh-doanh,14,6,2017
302796,https://tuoitre.vn/bat-dau-dai-hoi-co-dong-sacombank-se-bau-6-thanh-vien-hdqt-1340965.htm,kinh-doanh,30,6,2017
302948,https://tuoitre.vn/tphcm-lam-ra-cang-nhieu-ty-le-duoc-giu-lai-cang-it-1371739.htm,kinh-doanh,19,8,2017
302986,https://tuoitre.vn/nguoi-giau-va-nguoi-ngheo-ai-bi-ton-thuong-tu-tang-thue-vat-20170904151027779.htm,kinh-doanh,4,9,2017
302994,https://tuoitre.vn/can-than-voi-tien-dien-tu-20170906144116825.htm,kinh-doanh,6,9,2017
303010,https://tuoitre.vn/se-xep-hang-cac-ngan-hang-20170912094116872.htm,kinh-doanh,12,9,2017
303013,https://tuoitre.vn/river-panorama-mang-tien-ich-resort-hang-sang-ve-nha-20170914234122616.htm,kinh-doanh,14,9,2017
303019,https://tuoitre.vn/rac-roi-chuyen-nuoc-ngot-bi-ap-thue-20170914081725564.htm,kinh-doanh,14,9,2017
303026,https://tuoitre.vn/cai-nhau-tren-may-bay-2-phu-nu-bi-cam-bay-6-thang-20170916090535669.htm,kinh-doanh,16,9,2017
303046,https://tuoitre.vn/5-dai-du-an-nghin-ti-thua-lo-cua-pvn-gio-ra-sao-20170922153753306.htm,kinh-doanh,22,9,2017
303054,https://tuoitre.vn/cau-chuyen-quan-ean-2017090821122813.htm,kinh-doanh,24,9,2017
303068,https://tuoitre.vn/mien-trung-van-manh-nhung-manh-ai-nay-lam-2017092611073862.htm,kinh-doanh,26,9,2017
303069,https://tuoitre.vn/thuy-dien-va-thien-tai-con-nguy-hiem-hon-nuoc-bien-dang-20170926103645382.htm,kinh-doanh,26,9,2017
303074,https://tuoitre.vn/mo-ban-giai-doan-2-du-an-river-panorama-20170925155726268.htm,kinh-doanh,26,9,2017
303090,https://tuoitre.vn/giai-ma-26-trieu-ti-dong-no-cong-viet-nam-20171002160107.htm,kinh-doanh,2,10,2017
303119,https://tuoitre.vn/bi-thu-nguyen-thien-nhan-xuong-pho-di-bo-tro-chuyen-voi-khach-tay-20171008221926298.htm,kinh-doanh,8,10,2017
303174,https://tuoitre.vn/can-ho-dual-key-giai-phap-cho-gia-dinh-da-the-he-20171019152834211.htm,kinh-doanh,20,10,2017
303181,https://tuoitre.vn/cuoc-chien-giai-cuu-dieu-tai-thu-phu-binh-phuoc-20171024151018847.htm,kinh-doanh,24,10,2017
303189,https://tuoitre.vn/tam-thu-giu-mot-so-san-pham-tai-tiem-khaisilk-o-ha-noi-20171026140034408.htm,kinh-doanh,26,10,2017
303192,https://tuoitre.vn/can-ho-chia-khoa-doi-an-cu-va-dau-tu-linh-hoat-20171025165401893.htm,kinh-doanh,26,10,2017
303224,https://tuoitre.vn/them-doanh-nghiep-ti-do-niem-yet-co-phieu-20171107151116273.htm,kinh-doanh,7,11,2017
303254,https://tuoitre.vn/kham-pha-cach-nguoi-nhat-san-xuat-mi-an-lien-tai-viet-nam-20171111162512659.htm,kinh-doanh,13,11,2017
303355,https://tuoitre.vn/dau-an-cua-phu-my-hung-midtown-20171211113146407.htm,kinh-doanh,15,12,2017
313695,https://tuoitre.vn/ton-kho-bat-dong-san-van-con-khoang-29573-ti-dong-1287212.htm,kinh-doanh,27,3,2017
313733,https://tuoitre.vn/sot-dat-tphcm-thong-tin-ra-sao-thuc-ao-co-nao-1307541.htm,kinh-doanh,2,5,2017
313851,https://tuoitre.vn/nguoi-mua-nha-o-xa-hoi-to-chu-dau-tu-lua-1371520.htm,kinh-doanh,18,8,2017
313880,https://tuoitre.vn/tien-ao-sot-that-tien-ao-sot-that-20170907145514515.htm,kinh-doanh,7,9,2017
313888,https://tuoitre.vn/mat-kiem-soat-thuoc-tru-sau-khong-the-chap-nhan-mai-20170911084710883.htm,kinh-doanh,11,9,2017
313903,https://tuoitre.vn/coi-troi-cho-doanh-nghiep-lam-an-20170923111109331.htm,kinh-doanh,23,9,2017
313912,https://tuoitre.vn/thu-tuong-phat-bieu-ket-luan-hoi-nghi-phat-trien-dbscl-20170927161426227.htm,kinh-doanh,27,9,2017
313915,https://tuoitre.vn/pho-thu-tuong-vuong-dinh-hue-nguon-luc-tu-chinh-dong-bang-20170927083322124.htm,kinh-doanh,27,9,2017
313977,https://tuoitre.vn/bao-tuoi-tre-tuyen-phong-vien-kinh-te-20171102104620692.htm,kinh-doanh,2,11,2017
314035,https://tuoitre.vn/thuong-thuc-pho-tai-ngay-cua-pho-viet-nam-20171212175129788.htm,kinh-doanh,12,12,2017
321337,https://tuoitre.vn/can-ho-thuong-mai-o-tphcm-nen-25m2-hay-45m2-20170913115634481.htm,kinh-doanh,13,9,2017
321359,https://tuoitre.vn/tp-hcm-cam-cua-heo-khong-deo-vong-truy-xuat-20171015105221961.htm,kinh-doanh,15,10,2017
321381,https://tuoitre.vn/nhung-doanh-nhan-ti-phu-dinh-dam-nao-dang-dan-tai-da-nang-20171108102532274.htm,kinh-doanh,8,11,2017
322879,https://tuoitre.vn/ban-khoan-nha-gia-re-1268302.htm,kinh-doanh,21,2,2017
322895,https://tuoitre.vn/dua-nhau-tung-goi-uu-dai-1295385.htm,kinh-doanh,10,4,2017
322946,https://tuoitre.vn/thi-truong-vat-lieu-vung-bao-khong-tang-gia-truc-loi-20170917091537425.htm,kinh-doanh,17,9,2017
322958,https://tuoitre.vn/tu-chuyen-khaisilk-hang-viet-cung-phai-tu-nhin-lai-minh-20171104120306526.htm,kinh-doanh,4,11,2017
303421,https://tuoitre.vn/ong-tram-be-binh-tinh-tra-loi-toa-20180108070736853.htm,kinh-doanh,8,1,2018
303526,https://tuoitre.vn/gs-tran-van-tho-hien-ke-de-kinh-te-viet-nam-tro-nen-tu-chu-20180213225324748.htm,kinh-doanh,17,2,2018
303572,https://tuoitre.vn/mobifone-mua-avg-lam-that-thoat-7-006-ti-nhu-the-nao-20180315163551347.htm,kinh-doanh,15,3,2018
314259,https://tuoitre.vn/25-nam-hanh-trinh-tu-dam-lay-den-khu-do-thi-dang-song-20180508111921496.htm,kinh-doanh,9,5,2018
321439,https://tuoitre.vn/ngam-vuon-chan-may-tai-hien-ruong-bac-thang-giua-sai-gon-2018011211234001.htm,kinh-doanh,28,2,2018
201457,https://tuoitre.vn/nhung-hinh-anh-dep-ve-chien-si-cong-an-duoc-dan-mang-chia-se-20171008083524673.htm,nhan-vat,8,10,2017
201467,https://tuoitre.vn/tran-dang-dang-khoa-hanh-trinh-mon-lop-xe-toi-paris-20171103084327815.htm,nhan-vat,3,11,2017
201474,https://tuoitre.vn/buoc-di-tren-con-duong-so-menh-20171123092406828.htm,nhan-vat,23,11,2017
201477,https://tuoitre.vn/co-gai-co-tai-bien-banh-ngot-thanh-chau-hoa-song-dong-20171127121625682.htm,nhan-vat,27,11,2017
201486,https://tuoitre.vn/co-gai-xinh-dep-khoi-nghiep-bang-nghe-lam-dao-20180107190947306.htm,nhan-vat,8,1,2018
201496,https://tuoitre.vn/nhung-guong-mat-tre-tran-day-cam-hung-20180213104017582.htm,nhan-vat,17,2,2018
201512,https://tuoitre.vn/ong-hoang-vat-ly-stephen-hawking-va-nhung-cau-noi-truyen-cam-hung-20180315134424475.htm,nhan-vat,17,3,2018
201518,https://tuoitre.vn/kham-pha-ai-cap-huyen-bi-qua-doi-mat-cua-nhung-lu-khach-viet-20180329211019616.htm,nhan-vat,6,4,2018
276161,https://tuoitre.vn/ban-co-la-fan-ham-mo-iphone-8-20170912180032552.htm,mua-sam,12,9,2017
38218,https://tuoitre.vn/gia-that/phat-5-trieu-dong-nguoi-tung-tin-so-nguc-tu-thien-20170821094908537.htm,gia-that,21,8,2017
38219,https://tuoitre.vn/gia-that/cong-an-dieu-tra-vu-tung-tin-may-bay-roi-o-noi-bai-20170821094530597.htm,gia-that,21,8,2017
38220,https://tuoitre.vn/gia-that/bi-canh-cao-vi-dua-tin-don-that-thiet-len-facebook-20170821093721889.htm,gia-that,21,8,2017
38221,https://tuoitre.vn/gia-that/nguoi-tung-tin-may-bay-roi-cau-like-bi-cong-an-moi-20170821093533724.htm,gia-that,21,8,2017
38222,https://tuoitre.vn/gia-that/cong-an-binh-thuan-bac-tin-don-bat-coc-tre-em-20170821093238862.htm,gia-that,21,8,2017
38223,https://tuoitre.vn/gia-that/phu-nhan-tin-don-phu-nu-bat-coc-tre-em-o-phu-quoc-20170821092839314.htm,gia-that,21,8,2017
38224,https://tuoitre.vn/gia-that/bat-coc-tre-em-o-dak-lak-la-tin-don-that-thiet-20170821092317342.htm,gia-that,21,8,2017
38225,https://tuoitre.vn/gia-that/quang-ngai-khong-co-bat-coc-tre-em-nhu-tin-don-tren-facebook-2017082109183717.htm,gia-that,21,8,2017
74528,https://tuoitre.vn/csgt-khong-xuong-duong-xu-ly-vi-pham-chi-la-tin-cau-like-2000010136587.htm,gia-that,22,11,2017
38269,https://tuoitre.vn/hai-hung-nhung-tin-gia-cua-nam-2017-2017123113532219.htm,gia-that,2,1,2018
38316,https://tuoitre.vn/lam-sao-de-nhanh-chong-nhan-biet-tin-gia-20180325141827659.htm,gia-that,25,3,2018
38320,https://tuoitre.vn/madonna-co-con-voi-maradona-20180331103733326.htm,gia-that,31,3,2018
38329,https://tuoitre.vn/neil-armstrong-huyen-thoai-mat-trang-hay-man-kich-cua-my-20180405170626249.htm,gia-that,8,4,2018
38337,https://tuoitre.vn/ngam-bo-anh-hoang-duong-ma-sherlock-holmes-tin-la-that-20180421200013692.htm,gia-that,22,4,2018
73654,https://tuoitre.vn/ngan-nam-lang-mo-tao-thao-van-ngao-nghe-bi-an-20180413095355107.htm,gia-that,15,4,2018
115042,https://tuoitre.vn/can-thi-tang-do-nhin-man-hinh-lau-294202.htm,suc-khoe,24,12,2008
78108,https://tuoitre.vn/tram-cam-va-benh-phoi-tac-nghen-man-tinh-299129.htm,suc-khoe,30,1,2009
115216,https://tuoitre.vn/thu-thuoc-moi-tri-benh-ung-thu-tuyen-tien-liet-311173.htm,suc-khoe,15,4,2009
115237,https://tuoitre.vn/100-nguoi-ngheo-duoc-mo-mat-mien-phi-313750.htm,suc-khoe,1,5,2009
79266,https://tuoitre.vn/chay-mau-mui-benh-gi-370643.htm,suc-khoe,28,3,2010
79766,https://tuoitre.vn/di-bo-bao-ve-trai-tim-413924.htm,suc-khoe,3,12,2010
115690,https://tuoitre.vn/an-gi-de-phong-benh-368697.htm,suc-khoe,17,3,2010
145177,https://tuoitre.vn/benh-nhan-van-chiu-thiet-385891.htm,suc-khoe,23,6,2010
131992,https://tuoitre.vn/benh-nhan-ca-ghep-tim-dau-tien-sap-duoc-xuat-vien-436565.htm,suc-khoe,5,5,2011
81013,https://tuoitre.vn/de-tap-the-duc-them-khoe-513880.htm,suc-khoe,1,10,2012
116584,https://tuoitre.vn/bi-nguoi-yeu-cat-dut-duong-vat-511922.htm,suc-khoe,18,9,2012
132453,https://tuoitre.vn/tin-vui-cho-nguoi-bi-di-ung-meo-560950.htm,suc-khoe,29,7,2013
82450,https://tuoitre.vn/can-nang-cua-cha-lien-quan-benh-tu-ky-cua-con-602134.htm,suc-khoe,10,4,2014
82528,https://tuoitre.vn/phat-song-chuong-trinh-‘’lam-me’’-607536.htm,suc-khoe,16,5,2014
82863,https://tuoitre.vn/phan-no-viec-ke-toa-thuoc-khung-655033.htm,suc-khoe,7,10,2014
82906,https://tuoitre.vn/liet-duong-vi-thuoc-chong-liet-duong-661759.htm,suc-khoe,23,10,2014
83079,https://tuoitre.vn/phat-hien-nguyen-nhan-gay-benh-viem-cot-song-dinh-khop-685575.htm,suc-khoe,16,12,2014
117490,https://tuoitre.vn/suc-khoe-cua-ban-hieu-ve-benh-thap-tim-646606.htm,suc-khoe,16,9,2014
117605,https://tuoitre.vn/thu-hep-khoang-cach-trong-phong-chong-va-dieu-tri-hiv-678618.htm,suc-khoe,1,12,2014
132689,https://tuoitre.vn/benh-vien-phan-hoi-vu-mat-con-nguoi-nha-to-bac-si-615297.htm,suc-khoe,30,6,2014
132748,https://tuoitre.vn/dang-uong-methadone-van-them-ma-tuy-647356.htm,suc-khoe,18,9,2014
83164,https://tuoitre.vn/co-giay-chung-nhan-moi-duoc-huong-bhyt-100-701391.htm,suc-khoe,21,1,2015
83401,https://tuoitre.vn/cu-ba-viet-nam-cao-tuoi-nhat-the-gioi-737897.htm,suc-khoe,23,4,2015
83570,https://tuoitre.vn/dieu-tri-mot-ca-huyet-khoi-tinh-mach-sau-phuc-tap-764895.htm,suc-khoe,22,6,2015
83688,https://tuoitre.vn/tin-do-hoa-thu-hoi-gan-2100-my-pham-co-chua-5-dan-chat-paraben-786795.htm,suc-khoe,1,8,2015
83772,https://tuoitre.vn/nan-giai-bai-toan-the-thao-cho-gioi-tre-964335.htm,suc-khoe,6,9,2015
83774,https://tuoitre.vn/bao-dong-tre-beo-bung-964332.htm,suc-khoe,6,9,2015
117901,https://tuoitre.vn/thong-tin-ve-chinh-sach-giao-duc-danh-cho-tre-tu-ky-780549.htm,suc-khoe,21,7,2015
117956,https://tuoitre.vn/hanh-dong-ky-quai-do-am-anh-cuong-buc-960930.htm,suc-khoe,30,8,2015
132848,https://tuoitre.vn/roi-loan-lo-au-mau-gia-713205.htm,suc-khoe,25,2,2015
140241,https://tuoitre.vn/huyen-thoai-cruyff-tu-tin-se-chien-thang-ung-thu-phoi-1006240.htm,suc-khoe,20,11,2015
146899,https://tuoitre.vn/gia-kham-va-giuong-benh-vien-tu-ngay-15112015-991990.htm,suc-khoe,27,10,2015
84423,https://tuoitre.vn/truc-tuyen-bo-y-te-hop-voi-tphcm-ve-ca-nhiem-zika-1079398.htm,suc-khoe,5,4,2016
84438,https://tuoitre.vn/infographic-trieu-chung-va-cach-phong-chong-zika-1079851.htm,suc-khoe,7,4,2016
84626,https://tuoitre.vn/hoc-ngay-hay-hoc-dem-thi-tot-hon-1120060.htm,suc-khoe,18,6,2016
84676,https://tuoitre.vn/can-trong-khi-cho-be-an-trung-1136572.htm,suc-khoe,14,7,2016
84757,https://tuoitre.vn/10-dau-hieu-nhan-biet-tre-bi-lam-dung-tinh-duc-1154776.htm,suc-khoe,15,8,2016
84823,https://tuoitre.vn/tieu-duong-bung-phatnganh-y-co-chiu-trach-nhiem-1167712.htm,suc-khoe,8,9,2016
85014,https://tuoitre.vn/clip-mc-hoai-huong-ke-chuyen-vuot-qua-benh-ung-thu-1235242.htm,suc-khoe,13,12,2016
118166,https://tuoitre.vn/song-khoe-va-nhung-su-kien-noi-bat-nam-2015-1030990.htm,suc-khoe,1,1,2016
118315,https://tuoitre.vn/kham-o-phong-kham-trung-quoc-thay-minh-toan-benh-nang-1083946.htm,suc-khoe,14,4,2016
118513,https://tuoitre.vn/xem-hinh-doc-gia-chan-doan-nha-vo-dich-olympic-bi-ung-thu-1193458.htm,suc-khoe,23,10,2016
133183,https://tuoitre.vn/infographic-nhung-dieu-can-biet-khi-dung-khang-sinh-1119841.htm,suc-khoe,19,6,2016
133236,https://tuoitre.vn/hai-an-nao-an-toan-va-chua-an-toan-o-bon-tinh-mien-trung-1145068.htm,suc-khoe,23,9,2016
85322,https://tuoitre.vn/khoi-dong-hanh-trinh-10000-buoc-chan-thay-doi-cuoc-song-1314225.htm,suc-khoe,14,5,2017
85324,https://tuoitre.vn/hoa-hau-diem-huong-dat-con-trai-tham-gia-di-bo-1314171.htm,suc-khoe,14,5,2017
85389,https://tuoitre.vn/hieu-truong-y-khoa-pham-ngoc-thach-noi-muon-tuyen-ca-nuoc-1328814.htm,suc-khoe,9,6,2017
85411,https://tuoitre.vn/co-thuoc-bo-oc-cho-ky-thi-1335111.htm,suc-khoe,21,6,2017
85561,https://tuoitre.vn/ho-tro-toi-70-phi-dieu-tri-tim-mach-ung-buou-tai-vinmec-20170901170941377.htm,suc-khoe,1,9,2017
85565,https://tuoitre.vn/the-gioi-tung-chan-dong-nhung-vu-thuoc-gia-nao-20170901121351853.htm,suc-khoe,3,9,2017
85571,https://tuoitre.vn/nguy-hiem-khi-tiem-thuoc-giam-beo-20170909104532804.htm,suc-khoe,9,9,2017
85573,https://tuoitre.vn/vinmec-mien-phi-sang-loc-ho-tro-dieu-tri-ung-thu-15000-nguoi-20170911124734703.htm,suc-khoe,11,9,2017
85574,https://tuoitre.vn/hay-buoc-di-thay-vi-ngu-nuong-20170911103729786.htm,suc-khoe,11,9,2017
85590,https://tuoitre.vn/tai-bien-y-khoa-den-bu-the-nao-20170919090439864.htm,suc-khoe,19,9,2017
85603,https://tuoitre.vn/hanh-trinh-ky-la-cua-bom-20170925103006079.htm,suc-khoe,25,9,2017
85686,https://tuoitre.vn/thai-nhi-co-the-chet-luu-vi-tieu-duong-thai-ky-me-dung-chu-quan-20171110130923569.htm,suc-khoe,10,11,2017
85691,https://tuoitre.vn/nap-du-vitamin-chia-khoa-chong-choi-lao-hoa-da-20171025234300083.htm,suc-khoe,14,11,2017
85693,https://tuoitre.vn/sau-nghi-quyet-tu-6-ban-va-gia-dinh-duoc-cham-soc-suc-khoe-nhu-the-nao-20171116164241397.htm,suc-khoe,16,11,2017
85713,https://tuoitre.vn/ung-thu-khong-co-nghia-se-chet-20171122091927742.htm,suc-khoe,22,11,2017
85720,https://tuoitre.vn/co-bao-gio-ban-hoi-nao-duoc-cau-thanh-tu-chat-gi-20171126163452781.htm,suc-khoe,26,11,2017
85723,https://tuoitre.vn/10-cay-giai-doc-tuyet-voi-20171127093615235.htm,suc-khoe,28,11,2017
85732,https://tuoitre.vn/an-gi-sau-phau-thuat-201712040918374.htm,suc-khoe,4,12,2017
85760,https://tuoitre.vn/mon-an-bai-thuoc-chua-benh-mua-lanh-20171222090604532.htm,suc-khoe,22,12,2017
85774,https://tuoitre.vn/7-cach-tranh-benh-tim-20171225105959361.htm,suc-khoe,28,12,2017
118780,https://tuoitre.vn/nhung-man-tap-yoga-khien-nguoi-xem-tro-mat-1332888.htm,suc-khoe,16,6,2017
118846,https://tuoitre.vn/ngu-nhieu-giup-tre-giam-nguy-co-mac-tieu-duong-tuyp-2-1371916.htm,suc-khoe,19,8,2017
118871,https://tuoitre.vn/can-lam-gi-de-giam-dau-khi-den-ngay-hanh-kinh-20170904155842144.htm,suc-khoe,4,9,2017
118879,https://tuoitre.vn/benh-vien-xin-loi-vi-bac-si-gac-chan-len-ghe-noi-chuyen-20170912121045218.htm,suc-khoe,12,9,2017
118899,https://tuoitre.vn/xuat-huyet-nao-khoi-diem-tu-dau-20170928141305886.htm,suc-khoe,28,9,2017
118907,https://tuoitre.vn/du-dau-don-nhung-luon-o-ben-nhau-20171006193815392.htm,suc-khoe,6,10,2017
118909,https://tuoitre.vn/an-sang-con-giup-ngua-nguy-co-xo-vua-tac-nghen-dong-mach-20171006085131393.htm,suc-khoe,6,10,2017
118910,https://tuoitre.vn/nguoi-lon-tuoi-can-phong-benh-dot-quy-khi-thoi-tiet-giao-mua-20171010160009762.htm,suc-khoe,10,10,2017
118912,https://tuoitre.vn/nguoi-chuyen-gioi-muon-tro-lai-nhu-xua-khong-de-20171010103929088.htm,suc-khoe,10,10,2017
118914,https://tuoitre.vn/video-bac-si-huong-dan-cach-rua-mui-de-lam-hieu-qua-20171009233934863.htm,suc-khoe,14,10,2017
118933,https://tuoitre.vn/10-benh-thuong-gap-khi-dau-nguc-20171101105354424.htm,suc-khoe,3,11,2017
118940,https://tuoitre.vn/lam-sao-ngan-chan-nan-tan-cong-thay-thuoc-tai-benh-vien-20171106165833274.htm,suc-khoe,7,11,2017
118955,https://tuoitre.vn/7-sai-lam-gay-nhiem-hp-da-day-20171205090914842.htm,suc-khoe,5,12,2017
118960,https://tuoitre.vn/de-co-the-tran-day-nang-luong-20171213144645309.htm,suc-khoe,13,12,2017
118966,https://tuoitre.vn/an-de-khong-tang-duong-huyet-20171221223421713.htm,suc-khoe,21,12,2017
118976,https://tuoitre.vn/7-cach-kiem-soat-con-nong-gian-20171229212749604.htm,suc-khoe,29,12,2017
133427,https://tuoitre.vn/tre-benh-ho-hap-nhap-vien-tang-nhanh-20170902101711975.htm,suc-khoe,2,9,2017
133430,https://tuoitre.vn/cang-di-bo-cang-them-khoe-gan-ket-va-yeu-thuong-20170910122335313.htm,suc-khoe,10,9,2017
133457,https://tuoitre.vn/hang-tram-cong-nhan-nhap-vien-sau-bua-an-chieu-20171019233042764.htm,suc-khoe,20,10,2017
133475,https://tuoitre.vn/toan-canh-dieu-tri-thoat-vi-dia-dem-20171121081741211.htm,suc-khoe,21,11,2017
133477,https://tuoitre.vn/khong-con-noi-lo-dau-chien-mi-an-lien-20171129154254913.htm,suc-khoe,29,11,2017
133485,https://tuoitre.vn/dich-soi-co-nguy-co-bung-phat-phong-chong-cach-nao-20171207102552498.htm,suc-khoe,7,12,2017
140414,https://tuoitre.vn/ho-da-doi-thay-chinh-minh-1324755.htm,suc-khoe,2,6,2017
140446,https://tuoitre.vn/vao-can-phong-thinh-no-dap-pha-do-dac-xa-stress-20170922114959344.htm,suc-khoe,22,9,2017
140450,https://tuoitre.vn/76-nguoi-dep-hoa-hau-hoa-binh-tham-gia-di-bo-10-000-buoc-chan-20171008111153088.htm,suc-khoe,8,10,2017
143723,https://tuoitre.vn/ty-le-tu-vong-do-dot-quy-luon-tang-cao-khi-thoi-tiet-giao-mua-2017101316340941.htm,suc-khoe,16,10,2017
143734,https://tuoitre.vn/10-bi-quyet-chong-ton-thuong-do-dai-thao-duong-20171218085232358.htm,suc-khoe,19,12,2017
85784,https://tuoitre.vn/giam-can-de-chong-choi-gan-nhiem-mo-20180104224308165.htm,suc-khoe,5,1,2018
85802,https://tuoitre.vn/hai-lan-nhap-vien-hai-lan-soc-cua-nguoi-my-xa-nha-20180117151446187.htm,suc-khoe,17,1,2018
85807,https://tuoitre.vn/9-tuyet-chieu-duong-bo-than-20180115093538121.htm,suc-khoe,17,1,2018
85814,https://tuoitre.vn/7-lieu-phap-tu-nhien-giu-phong-do-dan-ong-20180119143805678.htm,suc-khoe,19,1,2018
85840,https://tuoitre.vn/che-ruou-bia-vo-nguoi-dieu-gi-se-xay-ra-20180207235130884.htm,suc-khoe,8,2,2018
85860,https://tuoitre.vn/khi-ban-ngung-hut-thuoc-su-hoi-sinh-se-the-nao-20180227171358937.htm,suc-khoe,28,2,2018
85901,https://tuoitre.vn/gs-ts-nguyen-thanh-liem-nguoi-mo-duong-o-nhung-khuc-gap-ghenh-y-khoa-20180330183032154.htm,suc-khoe,30,3,2018
119000,https://tuoitre.vn/choi-da-banh-khoe-du-duong-xem-da-banh-loi-khong-kem-20180126105211419.htm,suc-khoe,26,1,2018
119040,https://tuoitre.vn/nhung-thung-lung-duoc-lieu-tuyet-dep-o-sa-pa-20180323165528272.htm,suc-khoe,23,3,2018
119053,https://tuoitre.vn/con-nhan-cha-tai-benh-vien-sau-37-nam-that-lac-20180404180047174.htm,suc-khoe,4,4,2018
119092,https://tuoitre.vn/stress-lau-dai-anh-huong-nang-ne-than-kinh-tim-mach-20180428232554061.htm,suc-khoe,2,5,2018
133496,https://tuoitre.vn/da-dep-de-ma-20180107232817527.htm,suc-khoe,8,1,2018
133543,https://tuoitre.vn/hanh-trinh-20-nam-cua-nhung-dua-tre-thu-tinh-trong-ong-nghiem-20180430090059231.htm,suc-khoe,30,4,2018
143740,https://tuoitre.vn/hanh-trinh-di-tim-nhung-dua-tre-thien-than-ky-5-trai-tim-nguoi-me-20180212000751298.htm,suc-khoe,21,2,2018
274286,https://tuoitre.vn/hang-rong-online-1295560.htm,thu-gian,12,4,2017
274288,https://tuoitre.vn/gia-xang-len-chut-dinh-1298526.htm,thu-gian,18,4,2017
274289,https://tuoitre.vn/de-khong-bi-lua-khi-mua-nha-chung-cu-1298529.htm,thu-gian,18,4,2017
274294,https://tuoitre.vn/bai-ca-xin-phep-1302045.htm,thu-gian,24,4,2017
274296,https://tuoitre.vn/thue-moi-truong-1298523.htm,thu-gian,30,4,2017
274298,https://tuoitre.vn/le-nghi-o-nha-cho-khoe-1307814.htm,thu-gian,2,5,2017
274299,https://tuoitre.vn/sieu-trom-nhac-nho-nan-nhan-1308765.htm,thu-gian,4,5,2017
274300,https://tuoitre.vn/thich-thi-chiu-1309527.htm,thu-gian,6,5,2017
274301,https://tuoitre.vn/giai-cuu-heo-xong-roi-con-bi-cai-gi-nua-1309530.htm,thu-gian,6,5,2017
274303,https://tuoitre.vn/linda-kieu-so-phan-tro-treu-1310313.htm,thu-gian,10,5,2017
274305,https://tuoitre.vn/quy-trinh-tiep-nhan-thuoc-1313151.htm,thu-gian,22,5,2017
274312,https://tuoitre.vn/lo-hong-ve-cong-tac-nhan-su-1304550.htm,thu-gian,5,6,2017
274313,https://tuoitre.vn/thi-sat-tien-do-chat-cay-xanh-1329930.htm,thu-gian,11,6,2017
274315,https://tuoitre.vn/mom-vuong-hay-tron-1333833.htm,thu-gian,29,6,2017
274317,https://tuoitre.vn/nganh-giai-cuu-nong-san-1341598.htm,thu-gian,1,7,2017
274318,https://tuoitre.vn/quy-trinh-khep-kin-1348891.htm,thu-gian,9,7,2017
274320,https://tuoitre.vn/dao-vi-tien-1342066.htm,thu-gian,13,7,2017
274321,https://tuoitre.vn/nhan-chim-cung-bun-thai-1352689.htm,thu-gian,15,7,2017
274324,https://tuoitre.vn/da-sai-con-chui-1354747.htm,thu-gian,19,7,2017
274332,https://tuoitre.vn/bua-an-sieu-quyen-luc-1359250.htm,thu-gian,31,7,2017
274334,https://tuoitre.vn/bi-quyet-lam-giau-1359217.htm,thu-gian,2,8,2017
274336,https://tuoitre.vn/hai-trong-mot-1362049.htm,thu-gian,4,8,2017
274349,https://tuoitre.vn/tuyet-dinh-kung-fu-1366771.htm,thu-gian,14,8,2017
274363,https://tuoitre.vn/thich-tram-hon-trieu-1376461.htm,thu-gian,28,8,2017
274366,https://tuoitre.vn/nhung-tinh-huong-hai-huoc-tren-cong-dong-mang-20170901170430462.htm,thu-gian,1,9,2017
274370,https://tuoitre.vn/xsoi-chi-rut-kinh-nghiem-1375540.htm,thu-gian,1,9,2017
274372,https://tuoitre.vn/nha-ao-thuat-tai-ba-2017090311555306.htm,thu-gian,3,9,2017
274373,https://tuoitre.vn/toi-van-lam-vay-moi-dau-thang-20170903114503159.htm,thu-gian,3,9,2017
274374,https://tuoitre.vn/tuu-truong-thoi-nay-20170905102047688.htm,thu-gian,5,9,2017
274380,https://tuoitre.vn/bien-che-am-anh-tai-sao-the-nay-20170904191325763.htm,thu-gian,9,9,2017
274381,https://tuoitre.vn/coi-lac-dieu-lac-tong-2017090911471521.htm,thu-gian,9,9,2017
274386,https://tuoitre.vn/o-khach-san-phai-dong-tien-xem-nhac-tren-tivi-20170913161738291.htm,thu-gian,13,9,2017
274389,https://tuoitre.vn/sao-ban-ay-it-ghe-nha-20170904185251154.htm,thu-gian,15,9,2017
274390,https://tuoitre.vn/dong-tien-di-truoc-20170904185002893.htm,thu-gian,15,9,2017
274397,https://tuoitre.vn/tien-si-giay-20170920173620823.htm,thu-gian,21,9,2017
274401,https://tuoitre.vn/bao-cong-bi-xu-an-20170906121736775.htm,thu-gian,23,9,2017
274411,https://tuoitre.vn/trung-thu-cua-linda-kieu-20170923175920728.htm,thu-gian,1,10,2017
274412,https://tuoitre.vn/hoi-do-bay-gio-khong-can-do-bot-20170923162053881.htm,thu-gian,1,10,2017
274415,https://tuoitre.vn/da-cau-da-bong-da-thung-da-thau-20171005101754631.htm,thu-gian,5,10,2017
274427,https://tuoitre.vn/diem-khac-nhau-giua-nguoi-viet-va-nguoi-nhat-20171014173851821.htm,thu-gian,15,10,2017
274433,https://tuoitre.vn/clip-hai-lien-khuc-that-tinh-trong-vien-duong-lao-2017102513465754.htm,thu-gian,25,10,2017
274435,https://tuoitre.vn/khoa-xe-an-toan-20171027125434579.htm,thu-gian,27,10,2017
274440,https://tuoitre.vn/xem-clip-hai-500-anh-em-ma-to-nan-kinh-doanh-bat-chap-20171102121015424.htm,thu-gian,2,11,2017
274451,https://tuoitre.vn/made-in-khai-sieu-20171113121203262.htm,thu-gian,14,11,2017
274452,https://tuoitre.vn/xem-clip-hai-huu-dang-khien-bon-huan-luyen-vien-nao-loan-2017111615224202.htm,thu-gian,16,11,2017
274454,https://tuoitre.vn/thot-tim-voi-phien-ban-nhay-day-nguoi-2017111812570716.htm,thu-gian,18,11,2017
274458,https://tuoitre.vn/tranh-biem-ngay-20-11-20171120102214583.htm,thu-gian,20,11,2017
274461,https://tuoitre.vn/thu-nao-chiu-noi-voi-anh-xe-om-that-tha-am-40-trieu-2017112415174041.htm,thu-gian,24,11,2017
274464,https://tuoitre.vn/cai-dep-de-bep-tang-thuong-20171125160256172.htm,thu-gian,28,11,2017
274468,https://tuoitre.vn/bot-sao-lai-ha-thu-bat-hoan-2017120412461345.htm,thu-gian,4,12,2017
274485,https://tuoitre.vn/top-10-hien-ke-vui-de-dep-nan-quan-chuc-an-do-20171220092609253.htm,thu-gian,20,12,2017
274489,https://tuoitre.vn/dem-noel-dai-20171216161322523.htm,thu-gian,24,12,2017
274491,https://tuoitre.vn/noel-buon-20171222164148634.htm,thu-gian,24,12,2017
274494,https://tuoitre.vn/khong-gio-roi-20171222102232018.htm,thu-gian,26,12,2017
274497,https://tuoitre.vn/dem-cuu-20171216155115858.htm,thu-gian,30,12,2017
286711,https://tuoitre.vn/thua-thien-su-cuoc-song-cua-con-kho-khan-qua-1299467.htm,thu-gian,17,4,2017
286712,https://tuoitre.vn/bo-nhiem-nguoi-nha-1299593.htm,thu-gian,17,4,2017
286715,https://tuoitre.vn/duong-di-cua-ca-khuc-xua-1299165.htm,thu-gian,17,4,2017
286721,https://tuoitre.vn/pha-rung-phong-ho-don-hoa-hau-1303905.htm,thu-gian,25,4,2017
286724,https://tuoitre.vn/giai-cuu-con-heo-cho-thuong-lai-1307898.htm,thu-gian,3,5,2017
286725,https://tuoitre.vn/khoan-xai-am-chen-voi-1310250.htm,thu-gian,7,5,2017
286728,https://tuoitre.vn/am-chen-cung-dzo-dzo-1310310.htm,thu-gian,23,5,2017
286730,https://tuoitre.vn/chi-co-the-la-sieu-nhon-1307418.htm,thu-gian,4,6,2017
286731,https://tuoitre.vn/lon-lai-lai-lon-1333830.htm,thu-gian,28,6,2017
286733,https://tuoitre.vn/cuoc-dua-5-phut-1351882.htm,thu-gian,14,7,2017
286736,https://tuoitre.vn/dai-ma-sao-ngo-qua-1358578.htm,thu-gian,26,7,2017
286737,https://tuoitre.vn/de-khoi-ngo-bat-coc-tre-em-1358569.htm,thu-gian,26,7,2017
286741,https://tuoitre.vn/hop-dong-ben-a-1359244.htm,thu-gian,3,8,2017
286743,https://tuoitre.vn/tuy-gan-ma-rat-xa-1364956.htm,thu-gian,7,8,2017
286746,https://tuoitre.vn/bai-hoc-phong-benh-chua-thuoc-1367680.htm,thu-gian,11,8,2017
286748,https://tuoitre.vn/linda-kieu-voi-tin-don-1365739.htm,thu-gian,11,8,2017
286754,https://tuoitre.vn/phim-bo-nhieu-ky-thap-dien-mai-phuc-1371733.htm,thu-gian,19,8,2017
286758,https://tuoitre.vn/thi-ve-tranh-biem-thang-8-1375570.htm,thu-gian,31,8,2017
286759,https://tuoitre.vn/vn-pharma-mat-day-tam-den-1378429.htm,thu-gian,31,8,2017
286763,https://tuoitre.vn/bang-tien-si-tien-dung-20170904102819259.htm,thu-gian,4,9,2017
286764,https://tuoitre.vn/tieng-noi-dong-tien-20170904094025064.htm,thu-gian,4,9,2017
286778,https://tuoitre.vn/muon-xu-sao-thi-xu-20171005233300416.htm,thu-gian,6,10,2017
286791,https://tuoitre.vn/xem-clip-hai-voi-ba-con-nhen-lang-hai-mo-hoi-20171026144842623.htm,thu-gian,26,10,2017
286795,https://tuoitre.vn/heo-an-than-2017101818165284.htm,thu-gian,3,11,2017
286797,https://tuoitre.vn/clip-soc-voi-man-cua-nguoi-dap-xe-quanh-san-khau-20171111145103434.htm,thu-gian,11,11,2017
286799,https://tuoitre.vn/hoa-hau-vo-cam-trong-con-bao-20171115081224906.htm,thu-gian,15,11,2017
286800,https://tuoitre.vn/tang-hoa-cho-co-giao-vo-20171117154700667.htm,thu-gian,19,11,2017
306904,https://tuoitre.vn/pho-giam-doc-tuong-lai-di-kiem-tra-he-thong-thoat-nuoc-1302051.htm,thu-gian,23,4,2017
306905,https://tuoitre.vn/tour-o-dau-ngay-le-1307373.htm,thu-gian,1,5,2017
306907,https://tuoitre.vn/hien-ke-phat-trien-du-lich-1298514.htm,thu-gian,1,5,2017
306909,https://tuoitre.vn/co-len-ngua-oi-1307415.htm,thu-gian,9,5,2017
306911,https://tuoitre.vn/vay-199-ty-xay-nha-cho-vo-1350502.htm,thu-gian,12,7,2017
306912,https://tuoitre.vn/kho-vi-phai-di-nho-cua-nha-hang-xom-1354888.htm,thu-gian,20,7,2017
306916,https://tuoitre.vn/nho-chu-toi-1359223.htm,thu-gian,5,8,2017
306919,https://tuoitre.vn/con-khong-di-hoc-nua-dau-1365715.htm,thu-gian,13,8,2017
306921,https://tuoitre.vn/do-chay-duong-nao-cho-thoat-bot-1372603.htm,thu-gian,21,8,2017
306923,https://tuoitre.vn/com-sat-suon-san-bay-1377061.htm,thu-gian,29,8,2017
306928,https://tuoitre.vn/chan-dung-chu-dau-tu-20170904184514915.htm,thu-gian,14,9,2017
306944,https://tuoitre.vn/hoi-phu-thu-20171014175508677.htm,thu-gian,16,10,2017
306947,https://tuoitre.vn/nu-cuoi-phu-nu-chan-dai-20171008110948715.htm,thu-gian,1,11,2017
306948,https://tuoitre.vn/lua-viet-cao-cap-20171101101343829.htm,thu-gian,1,11,2017
306949,https://tuoitre.vn/xem-clip-cac-trich-doan-hai-chung-ket-lang-hai-mo-hoi-20171109131635052.htm,thu-gian,9,11,2017
306954,https://tuoitre.vn/hai-huoc-voi-thay-boi-ao-thuat-trong-ky-tai-lo-dien-20171125143517981.htm,thu-gian,25,11,2017
306963,https://tuoitre.vn/o-doi-phai-biet-minh-la-ai-20171214115533732.htm,thu-gian,27,12,2017
315841,https://tuoitre.vn/am-chen-the-nay-ma-bi-lung-a-1310307.htm,thu-gian,21,5,2017
315852,https://tuoitre.vn/chet-cuoi-voi-nhung-clip-che-tu-mv-ca-nhac-20171028160522654.htm,thu-gian,28,10,2017
315853,https://tuoitre.vn/hoi-cho-cuoi-an-mung-ky-luat-20171008111525566.htm,thu-gian,28,10,2017
315861,https://tuoitre.vn/song-gio-the-gioi-2017-qua-biem-hoa-2017122916121314.htm,thu-gian,31,12,2017
317150,https://tuoitre.vn/trao-luu-day-thi-thanh-cong-1305474.htm,thu-gian,27,4,2017
317152,https://tuoitre.vn/tap-noi-1333815.htm,thu-gian,30,6,2017
317153,https://tuoitre.vn/can-ban-nha-gap-gia-re-nhu-cho-1361905.htm,thu-gian,1,8,2017
317154,https://tuoitre.vn/top-nhung-nghe-hot-nhat-1359229.htm,thu-gian,1,8,2017
317157,https://tuoitre.vn/giup-ich-dat-nuoc-1375534.htm,thu-gian,2,9,2017
317161,https://tuoitre.vn/banh-chung-thu-20170923174541168.htm,thu-gian,4,10,2017
318805,https://tuoitre.vn/thien-sinh-hoc-1295067.htm,thu-gian,11,4,2017
318811,https://tuoitre.vn/metro-het-von-20171014175709287.htm,thu-gian,20,10,2017
321673,https://tuoitre.vn/khi-thay-boi-mu-so-1352995.htm,thu-gian,16,7,2017
321674,https://tuoitre.vn/xem-clip-chet-cuoi-voi-cap-doi-lien-tuc-dau-vo-20171121134223786.htm,thu-gian,21,11,2017
323126,https://tuoitre.vn/ve-huu-anh-tham-gia-hoi-the-khong-tham-nhung-cho-vui-1313160.htm,thu-gian,13,5,2017
274505,https://tuoitre.vn/ai-la-nhan-vat-cua-nam-20180108121133185.htm,thu-gian,9,1,2018
274513,https://tuoitre.vn/bi-hai-kich-hai-man-20180115170724059.htm,thu-gian,15,1,2018
274521,https://tuoitre.vn/chuyen-u-23-o-xu-so-1001-dem-20180121194303785.htm,thu-gian,21,1,2018
274531,https://tuoitre.vn/xem-nhac-che-u23-viet-nam-gay-chan-dong-dia-cau-201801271445112.htm,thu-gian,27,1,2018
274533,https://tuoitre.vn/ky-tich-hay-con-dia-chan-moi-cua-u23-viet-nam-20180126122359085.htm,thu-gian,27,1,2018
274547,https://tuoitre.vn/u23-viet-nam-20180204090422441.htm,thu-gian,4,2,2018
274556,https://tuoitre.vn/ngu-hanh-son-20180103163704058.htm,thu-gian,10,2,2018
274558,https://tuoitre.vn/10-clip-duoc-nguoi-viet-nam-xem-nhieu-nhat-trong-nam-2017-20180212094822837.htm,thu-gian,12,2,2018
274561,https://tuoitre.vn/10-goi-y-vui-ve-mam-ngu-qua-ngay-tet-20180212174839788.htm,thu-gian,14,2,2018
274580,https://tuoitre.vn/hoi-cho-cho-20180219170601503.htm,thu-gian,20,2,2018
274602,https://tuoitre.vn/nhung-mau-thoi-trang-khong-dam-mac-ra-duong-20180413100608252.htm,thu-gian,13,4,2018
274604,https://tuoitre.vn/tom-va-erry-co-that-ngoai-doi-20180417121047578.htm,thu-gian,17,4,2018
274605,https://tuoitre.vn/hi-hoa-chuyen-tieu-tien-20180419144041822.htm,thu-gian,19,4,2018
274607,https://tuoitre.vn/phim-cac-nuoc-thuong-theo-cong-thuc-nay-ngam-thu-dung-khong-20180423124840697.htm,thu-gian,23,4,2018
274608,https://tuoitre.vn/khi-cho-biet-di-giay-cao-got-va-meo-that-ca-vat-20180421111429367.htm,thu-gian,23,4,2018
274610,https://tuoitre.vn/khi-nhan-vat-hoat-hinh-bien-thanh-hot-girl-20180425145930446.htm,thu-gian,25,4,2018
274611,https://tuoitre.vn/ngac-nhien-chua-mot-co-ga-biet-choi-dan-20180425101247096.htm,thu-gian,25,4,2018
274614,https://tuoitre.vn/hi-hoa-tang-tuoi-huu-ke-vui-nguoi-buon-20180427113540815.htm,thu-gian,1,5,2018
274616,https://tuoitre.vn/dung-tuong-chi-con-nguoi-moi-biet-cuoi-20180502093941946.htm,thu-gian,3,5,2018
274617,https://tuoitre.vn/do-khoc-do-cuoi-voi-nhung-tro-dua-cuc-bua-20180504160719565.htm,thu-gian,5,5,2018
274618,https://tuoitre.vn/xem-bong-da-hay-xem-dien-hai-tren-san-co-20180507112004812.htm,thu-gian,7,5,2018
274619,https://tuoitre.vn/khi-thu-cung-tau-hai-mua-vui-20180509100441022.htm,thu-gian,9,5,2018
286818,https://tuoitre.vn/tai-sao-thuy-tinh-noi-gian-20171125170942383.htm,thu-gian,2,1,2018
286829,https://tuoitre.vn/tui-con-khong-hoi-chung-la-con-ai-20180112164500992.htm,thu-gian,26,1,2018
286848,https://tuoitre.vn/nhung-nganh-nghe-hot-nhat-nam-2018-2018021910473961.htm,thu-gian,19,2,2018
286858,https://tuoitre.vn/cua-no-20171214122612295.htm,thu-gian,27,2,2018
286861,https://tuoitre.vn/dau-nam-di-le-hoi-xin-gi-20180302185746463.htm,thu-gian,3,3,2018
286865,https://tuoitre.vn/de-tang-chi-so-hanh-phuc-len-hang-nhat-20180323175936971.htm,thu-gian,23,3,2018
286866,https://tuoitre.vn/cung-cuoi-voi-bo-anh-10-phat-hien-te-ngua-20180412134407895.htm,thu-gian,12,4,2018
286869,https://tuoitre.vn/lua-dao-tien-ao-da-cap-duoi-con-mat-cua-hoa-si-biem-20180416134007071.htm,thu-gian,16,4,2018
286870,https://tuoitre.vn/cuoi-ra-nuoc-mat-voi-nhung-tai-nan-do-choi-dai-20180416112139531.htm,thu-gian,16,4,2018
286871,https://tuoitre.vn/hi-hoa-ca-phe-pin-va-cai-ket-dang-20180420163210727.htm,thu-gian,20,4,2018
286872,https://tuoitre.vn/khi-em-be-cuoi-den-robot-cung-muon-cuoi-theo-20180420155300758.htm,thu-gian,20,4,2018
286873,https://tuoitre.vn/nhung-thuc-te-phu-phang-sau-khi-mo-mong-20180423162156684.htm,thu-gian,24,4,2018
286874,https://tuoitre.vn/clip-rong-uc-vay-tay-vet-cuoi-khuc-khich-20180503153008351.htm,thu-gian,6,5,2018
286876,https://tuoitre.vn/hi-hoa-cam-nang-chung-song-voi-loai-nguoi-20180502110320058.htm,thu-gian,6,5,2018
286878,https://tuoitre.vn/do-khoc-do-cuoi-voi-nhung-tro-nghich-ngom-cua-con-nit-20180510144619126.htm,thu-gian,10,5,2018
306977,https://tuoitre.vn/buc-tranh-van-cau-trong-nam-dau-2018021217392892.htm,thu-gian,13,2,2018
306994,https://tuoitre.vn/mua-thi-nghe-clip-nhac-che-chuyen-hoc-hanh-sieu-cute-2018041716414446.htm,thu-gian,18,4,2018
315878,https://tuoitre.vn/meo-photoshop-khac-voi-meo-that-nhu-the-nao-2018050814161548.htm,thu-gian,8,5,2018
317173,https://tuoitre.vn/tu-dien-vui-thoi-hoc-sinh-nha-ngon-ngu-cung-phai-het-hon-20180413140154094.htm,thu-gian,14,4,2018
260456,https://tuoitre.vn/mot-giam-doc-cong-ty-lua-dao-nguoi-xin-viec-lanh-8-nam-tu-263968.htm,phap-luat,17,6,2008
261254,https://tuoitre.vn/cuop-xe-tai-mot-doi-tuong-bi-bat-238963.htm,phap-luat,16,1,2008
260939,https://tuoitre.vn/quang-binh-khoi-to-chu-chiec-do-bi-lat-tren-song-gianh-299854.htm,phap-luat,2,2,2009
261887,https://tuoitre.vn/bat-vu-van-chuyen-464000-vien-ma-tuy-tong-hop-318522.htm,phap-luat,28,5,2009
262165,https://tuoitre.vn/dieu-tra-bo-sung-vu-an-xay-ra-khi-thi-cong-duong-ho-chi-minh-336986.htm,phap-luat,17,9,2009
281099,https://tuoitre.vn/than-bai-ngoai-quoc-376785.htm,phap-luat,4,5,2010
318432,https://tuoitre.vn/chem-nguoi-dot-trui-20ha-rung-377136.htm,phap-luat,6,5,2010
264019,https://tuoitre.vn/bat-muoi-thau-de-lon-o-bac-lieu-461738.htm,phap-luat,23,10,2011
281850,https://tuoitre.vn/bat-hat-truong-hat-kiem-lam-pu-huong-469135.htm,phap-luat,13,12,2011
264423,https://tuoitre.vn/giai-cuu-chau-be-3-tuoi-bi-bat-coc-484536.htm,phap-luat,29,3,2012
314726,https://tuoitre.vn/nguyen-giam-doc-cong-ty-hoang-anh-linh-20-nam-tu-522347.htm,phap-luat,27,11,2012
265575,https://tuoitre.vn/bat-chu-tiem-uon-toc-ban-nuoc-cat-kim-tiem-ma-tuy-548160.htm,phap-luat,13,5,2013
265299,https://tuoitre.vn/phat-hien-vu-sang-man-tau-trai-phep-800m³-dau-diesel-536392.htm,phap-luat,4,3,2013
304889,https://tuoitre.vn/tam-giu-hinh-su-bang-nhom-thuc-hien-5-vu-trom-554802.htm,phap-luat,19,6,2013
304890,https://tuoitre.vn/xet-xu-nhom-danh-nhau-gay-chet-nguoi-554800.htm,phap-luat,19,6,2013
266928,https://tuoitre.vn/phien-xet-xu-vu-cat-tuong-nem-xac-benh-nhan-qua-anh-602706.htm,phap-luat,14,4,2014
267977,https://tuoitre.vn/toan-canh-vu-an-bac-si-tham-my-nem-xac-benh-nhan-681393.htm,phap-luat,6,12,2014
266687,https://tuoitre.vn/bat-khan-cap-mot-nghi-can-ga-bac-594133.htm,phap-luat,17,2,2014
305361,https://tuoitre.vn/phat-10-co-moi-dan-xe-qua-tai-tranh-tram-can-643813.htm,phap-luat,10,9,2014
267865,https://tuoitre.vn/12-bi-cao-lanh-an-tu-giam-2-bi-cao-huong-an-treo-670877.htm,phap-luat,12,11,2014
267333,https://tuoitre.vn/quang-ngai-triet-pha-2-o-ca-do-bong-da-622207.htm,phap-luat,15,7,2014
267367,https://tuoitre.vn/nu-quai-buon-ma-tuy-linh-an-625621.htm,phap-luat,23,7,2014
283588,https://tuoitre.vn/bat-nhieu-doi-tuong-tang-tru-su-dung-ma-tuy-o-an-suong-658075.htm,phap-luat,14,10,2014
305359,https://tuoitre.vn/bi-giat-tui-xach-hai-nu-cong-nhan-nhap-vien-643867.htm,phap-luat,10,9,2014
305292,https://tuoitre.vn/2-bi-cao-hoi-bia-cung-lanh-sau-thang-tu-giam-619357.htm,phap-luat,8,7,2014
305456,https://tuoitre.vn/bau-kien-685356.htm,phap-luat,15,12,2014
305293,https://tuoitre.vn/ke-chuyen-cuop-giat-day-chuyen-sa-luoi-618397.htm,phap-luat,8,7,2014
305481,https://tuoitre.vn/10-vu-an-duoc-quan-tam-nhat-nam-2014-693147.htm,phap-luat,31,12,2014
305503,https://tuoitre.vn/con-du-18-tuoi-co-phai-tiep-tuc-nghia-vu-cap-duong-703050.htm,phap-luat,24,1,2015
284066,https://tuoitre.vn/thu-tuc-bao-lanh-cha-me-sang-dai-loan-cham-con-763863.htm,phap-luat,19,6,2015
268753,https://tuoitre.vn/giet-nhau-tren-mang-bang-clip-sex-co-the-khep-toi-buc-tu-766440.htm,phap-luat,26,6,2015
284364,https://tuoitre.vn/lam-sao-de-duoc-chung-nhan-doc-than-993886.htm,phap-luat,2,11,2015
284246,https://tuoitre.vn/sao-toi-khong-duoc-nhap-ho-khau-vao-nha-chong-961374.htm,phap-luat,3,9,2015
268790,https://tuoitre.vn/tu-van-phap-luat-767925.htm,phap-luat,6,7,2015
305678,https://tuoitre.vn/hanh-trinh-lan-theo-dau-vet-hung-thu-3-vu-tham-sat-955314.htm,phap-luat,20,8,2015
316856,https://tuoitre.vn/10-vu-an-chan-dong-du-luan-nam-2015-1030003.htm,phap-luat,30,12,2015
268408,https://tuoitre.vn/co-duoc-cong-don-thoi-gian-dong-bhxh-de-xet-tang-luong-727208.htm,phap-luat,30,3,2015
305624,https://tuoitre.vn/toi-co-duoc-huong-che-do-thai-san-769383.htm,phap-luat,3,7,2015
284358,https://tuoitre.vn/khong-co-ho-khau-thuong-tru-co-the-lam-lai-cmnd-988615.htm,phap-luat,29,10,2015
269372,https://tuoitre.vn/moi-ly-di-co-duoc-ket-hon-va-bao-lanh-di-uc-986713.htm,phap-luat,5,11,2015
283861,https://tuoitre.vn/dam-chet-nguoi-vi-bi-moi-ruou-715406.htm,phap-luat,3,3,2015
268169,https://tuoitre.vn/chi-cuc-thue-q10-bi-xu-thua-vu-thu-thue-tncn-2-lan-702717.htm,phap-luat,23,1,2015
283772,https://tuoitre.vn/thu-tuc-nhan-tre-bi-bo-roi-lam-con-nuoi-ra-sao-695382.htm,phap-luat,6,1,2015
269019,https://tuoitre.vn/sau-truy-na-34-nam-co-duoc-mien-trach-nhiem-hinh-su-953280.htm,phap-luat,17,8,2015
284227,https://tuoitre.vn/khong-co-quy-dinh-dung-ten-gium-nha-dat-958449.htm,phap-luat,26,8,2015
284341,https://tuoitre.vn/tu-van-pl-986362.htm,phap-luat,21,10,2015
269539,https://tuoitre.vn/dai-an-cong-ty-phuong-nam-nhieu-can-bo-ngan-hang-bi-tang-an-1018780.htm,phap-luat,11,12,2015
284164,https://tuoitre.vn/nha-duong-lien-xa-xay-mai-che-cach-tim-duong-bao-xa-788340.htm,phap-luat,6,8,2015
268127,https://tuoitre.vn/ba-thu-nga-lam-hop-dong-gia-de-lua-co-quan-dieu-tra-697530.htm,phap-luat,11,1,2015
283972,https://tuoitre.vn/nen-giai-quyet-cho-chi-hong-huong-tron-so-tien-740948.htm,phap-luat,2,5,2015
305614,https://tuoitre.vn/tham-gia-phong-trao-gap-tai-nan-co-duoc-huong-bhxh-763869.htm,phap-luat,25,6,2015
268941,https://tuoitre.vn/triet-san-luc-sinh-duoc-nghi-tong-cong-may-ngay-786783.htm,phap-luat,3,8,2015
269044,https://tuoitre.vn/anh-trai-tu-y-ban-nha-cha-me-phai-xu-ly-the-nao-956718.htm,phap-luat,23,8,2015
284347,https://tuoitre.vn/xet-xu-vu-6-can-bo-nhan-hoi-lo-11-ti-tu-jtc-991006.htm,phap-luat,25,10,2015
305491,https://tuoitre.vn/nhin-lai-vu-lua-dao-4000-ti-dong-cua-sieu-lua-huyen-nhu-696282.htm,phap-luat,8,1,2015
315191,https://tuoitre.vn/khong-di-kham-suc-khoe-nghia-vu-quan-su-co-bi-phat-768693.htm,phap-luat,29,6,2015
284024,https://tuoitre.vn/thu-tuc-doan-tu-voi-chong-tai-duc-751974.htm,phap-luat,26,5,2015
316773,https://tuoitre.vn/hiep-dam-con-rieng-cua-vo-lanh-9-nam-tu-721808.htm,phap-luat,17,3,2015
269148,https://tuoitre.vn/cach-chuc-giam-doc-so-thong-tin-va-truyen-thong-phu-yen-969900.htm,phap-luat,16,9,2015
283934,https://tuoitre.vn/thang-kien-nhung-van-phai-cho-732854.htm,phap-luat,12,4,2015
269221,https://tuoitre.vn/nguyen-nhan-dien-tien-vu-tham-sat-4-nguoi-tai-nghe-an-977527.htm,phap-luat,30,9,2015
268670,https://tuoitre.vn/me-toi-co-duoc-huong-che-do-cua-nguoi-tho-cung-liet-si-752013.htm,phap-luat,10,6,2015
268980,https://tuoitre.vn/can-canh-duong-va-tien-thuc-nghiem-trong-nha-vu-tham-sat-947409.htm,phap-luat,11,8,2015
305562,https://tuoitre.vn/dang-bi-tam-giam-co-duoc-huong-che-do-huu-tri-737381.htm,phap-luat,22,4,2015
269876,https://tuoitre.vn/cha-me-co-giay-ket-hon-con-van-ngoai-gia-thu-1066075.htm,phap-luat,12,3,2016
269694,https://tuoitre.vn/cho-thue-nha-4-trieu-nop-thue-ra-sao-1035286.htm,phap-luat,16,1,2016
269845,https://tuoitre.vn/co-the-lap-di-chuc-cho-con-rieng-tai-san-chung-cua-vo-chong-1061614.htm,phap-luat,4,3,2016
284603,https://tuoitre.vn/co-3-con-muon-di-chuc-de-tai-san-cho-1-nguoi-1060477.htm,phap-luat,9,3,2016
284512,https://tuoitre.vn/co-the-mua-lai-nha-thuoc-so-huu-nha-nuoc-1031533.htm,phap-luat,9,1,2016
271059,https://tuoitre.vn/nhin-lai-nhung-vu-an-xon-xao-du-luan-nam-2016-1245232.htm,phap-luat,31,12,2016
315309,https://tuoitre.vn/chi-phi-bao-lanh-nguoi-than-sang-uc-ra-sao-1043179.htm,phap-luat,23,1,2016
315306,https://tuoitre.vn/video-dieu-tra-theo-chan-cac-duong-day-buon-phao-lau-1034164.htm,phap-luat,7,1,2016
270044,https://tuoitre.vn/tu-hinh-ke-giet-nguoi-tinh-bo-xac-duoi-muong-nuoc-cuop-tai-san-1086871.htm,phap-luat,19,4,2016
305959,https://tuoitre.vn/trao-quyet-dinh-khang-dinh-vo-toi-cho-chu-quan-xin-chao-1089871.htm,phap-luat,24,4,2016
305912,https://tuoitre.vn/dong-bhxh-chua-du-20-nam-co-duoc-huong-tro-cap-mot-lan-1060474.htm,phap-luat,7,3,2016
284536,https://tuoitre.vn/mua-nha-du-an-chuan-bi-giay-to-gi-de-an-toan-1038646.htm,phap-luat,21,1,2016
270299,https://tuoitre.vn/chieu-den-laser-uy-hiep-an-toan-bay-bi-toi-gi-1123735.htm,phap-luat,24,6,2016
269656,https://tuoitre.vn/nhieu-chu-chung-1-so-do-co-tach-ra-duoc-khong-1033423.htm,phap-luat,6,1,2016
305879,https://tuoitre.vn/muon-hop-thuc-hoa-nha-mua-lai-chi-co-giay-ke-khai-1035946.htm,phap-luat,11,1,2016
270705,https://tuoitre.vn/chu-dau-tu-va-cu-dan-tranh-chap-giao-so-hong-cho-ai-1180398.htm,phap-luat,30,9,2016
269778,https://tuoitre.vn/tphcm-tang-them-luc-luong-de-tran-ap-toi-pham-1053688.htm,phap-luat,19,2,2016
269641,https://tuoitre.vn/thu-tuc-nhan-the-chap-nha-ra-sao-1031149.htm,phap-luat,4,1,2016
284521,https://tuoitre.vn/nha-o-pho-co-co-duoc-lam-so-do-theo-nghi-dinh-34-1037590.htm,phap-luat,13,1,2016
271015,https://tuoitre.vn/dieu-tra-bang-nhom-giang-bay-tuyen-dung-lua-nguoi-tim-viec-1241137.htm,phap-luat,23,12,2016
284540,https://tuoitre.vn/nha-chua-co-giay-to-phan-chia-ra-sao-1038652.htm,phap-luat,25,1,2016
270102,https://tuoitre.vn/chuyen-la-o-da-nang-mua-dat-dau-gia-nhung-khong-duoc-nhan-1093603.htm,phap-luat,1,5,2016
285708,https://tuoitre.vn/mot-thanh-nien-nghi-ngao-da-quay-tren-noc-chua-gan-10-gio-20171115132945914.htm,phap-luat,15,11,2017
285652,https://tuoitre.vn/18-bi-can-da-bi-khoi-to-trong-vu-an-trinh-xuan-thanh-20170930203739326.htm,phap-luat,2,10,2017
315578,https://tuoitre.vn/giam-doc-vn-pharma-nguyen-minh-hung-khoc-nuc-no-tai-toa-20171024150922471.htm,phap-luat,24,10,2017
272209,https://tuoitre.vn/pha-duong-day-trom-cap-hon-600-xe-may-20171128183056886.htm,phap-luat,28,11,2017
285644,https://tuoitre.vn/khoi-to-nguoi-tung-phim-khoe-chien-tich-giuong-chieu-20170928091827297.htm,phap-luat,28,9,2017
271809,https://tuoitre.vn/nhung-chieu-chia-chac-dat-cua-nhom-can-bo-tai-dong-tam-1365409.htm,phap-luat,8,8,2017
271653,https://tuoitre.vn/nhan-chung-bi-an-giau-mat-khi-doi-chat-hoa-hau-phuong-nga-1339125.htm,phap-luat,27,6,2017
285611,https://tuoitre.vn/tu-hinh-chau-noi-giet-ba-noi-vi-bi-la-mang-20170912173624612.htm,phap-luat,12,9,2017
272218,https://tuoitre.vn/bat-chu-co-so-mam-non-mam-xanh-hanh-ha-tre-20171128094449476.htm,phap-luat,28,11,2017
272124,https://tuoitre.vn/chiem-doat-3-ti-tron-qua-tinh-khac-lam-giam-doc-2000010136080.htm,phap-luat,31,10,2017
272039,https://tuoitre.vn/chau-thi-thu-nga-xin-khai-ve-1-5-trieu-usd-chay-dai-bieu-quoc-hoi-20171005145006013.htm,phap-luat,5,10,2017
271930,https://tuoitre.vn/vu-sang-to-chieu-hiep-bi-tang-an-gap-doi-gia-dinh-bi-cao-nao-loan-toa-20170911163505965.htm,phap-luat,11,9,2017
272096,https://tuoitre.vn/tong-giam-doc-vn-pharma-phu-nhan-viec-chi-hue-hong-bac-si-7-5-ti-20171019074256395.htm,phap-luat,19,10,2017
272024,https://tuoitre.vn/nhan-chung-ke-viec-dung-mat-nghi-pham-cuop-ngan-hang-2017092912365903.htm,phap-luat,29,9,2017
285310,https://tuoitre.vn/lao-cai-giai-cuu-be-2-thang-tuoi-bi-ban-sang-trung-quoc-1292537.htm,phap-luat,5,4,2017
271921,https://tuoitre.vn/xin-loi-phu-lai-tau-bi-oan-vu-tau-lua-tong-oto-tren-cau-ghenh-20170907103635549.htm,phap-luat,7,9,2017
306421,https://tuoitre.vn/hanh-trinh-lan-theo-dau-vet-vu-dot-xe-giet-giam-doc-giua-dem-20171020163834793.htm,phap-luat,20,10,2017
285588,https://tuoitre.vn/ai-da-nhan-300-ti-dong-cham-soc-tu-tong-giam-doc-oceanbank-1378399.htm,phap-luat,31,8,2017
271943,https://tuoitre.vn/tram-thu-phi-tuyen-tranh-bien-hoa-vi-sao-tai-xe-phan-khang-20170913111444222.htm,phap-luat,13,9,2017
271495,https://tuoitre.vn/vo-vay-tien-danh-bac-chong-bi-ke-bien-nha-de-tra-no-1316796.htm,phap-luat,18,5,2017
318747,https://tuoitre.vn/dai-an-oceanbank-vks-de-nghi-muc-an-voi-cac-bi-cao-20170914095544964.htm,phap-luat,14,9,2017
271947,https://tuoitre.vn/800-ti-dong-cua-dau-khi-boc-hoi-the-nao-2017091309172252.htm,phap-luat,13,9,2017
306443,https://tuoitre.vn/ngao-da-cha-duong-hanh-hung-con-rieng-cua-vo-2000010136559.htm,phap-luat,21,11,2017
271988,https://tuoitre.vn/ky-su-cuop-ngan-hang-o-tra-vinh-doi-mat-an-tu-hinh-20170921104217085.htm,phap-luat,21,9,2017
271663,https://tuoitre.vn/vu-kien-hoa-hau-phuong-nga-tu-quen-nhau-den-ngay-tai-ngoai-1340650.htm,phap-luat,29,6,2017
272034,https://tuoitre.vn/tham-gia-ban-nha-tren-giay-vi-tin-sep-dai-bieu-quoc-hoi-20171003160634884.htm,phap-luat,3,10,2017
272056,https://tuoitre.vn/chau-thi-thu-nga-tiep-tuc-keu-oan-khi-noi-loi-sau-cung-tai-toa-20171011100004055.htm,phap-luat,11,10,2017
271867,https://tuoitre.vn/duong-di-lo-thuoc-ung-thu-gia-duoc-cuc-quan-ly-duoc-cap-phep-1375078.htm,phap-luat,26,8,2017
272042,https://tuoitre.vn/pha-duong-day-lam-gia-giay-phep-lai-xe-2017100508571421.htm,phap-luat,5,10,2017
271659,https://tuoitre.vn/vu-hoa-hau-phuong-nga-trinh-toa-5-buc-thu-viet-tren-bao-nilon-1338999.htm,phap-luat,27,6,2017
285659,https://tuoitre.vn/vi-sao-toa-khong-cho-khai-ve-15-trieu-usd-chay-dai-bieu-quoc-hoi-2017100607413762.htm,phap-luat,6,10,2017
271888,https://tuoitre.vn/vn-pharma-buon-lau-hay-buon-ban-hang-gia-1377154.htm,phap-luat,30,8,2017
271664,https://tuoitre.vn/hoa-hau-phuong-nga-vua-khoc-vua-cuoi-khi-duoc-tai-ngoai-1340632.htm,phap-luat,29,6,2017
306400,https://tuoitre.vn/sau-ngay-be-cum-tron-khoi-phong-biet-giam-cua-2-tu-tu-20170918105231654.htm,phap-luat,18,9,2017
285692,https://tuoitre.vn/huy-toan-bo-ban-an-dieu-tra-xet-xu-lai-vu-vn-pharma-20171030082400879.htm,phap-luat,30,10,2017
271936,https://tuoitre.vn/giac-ngu-ngon-sau-nhieu-nam-cua-thieu-nien-bi-buoc-toi-oan-20170909183222648.htm,phap-luat,11,9,2017
271922,https://tuoitre.vn/pho-tong-giam-doc-pvn-bat-ngo-khai-nhan-hang-chuc-ti-20170907105226093.htm,phap-luat,7,9,2017
271912,https://tuoitre.vn/mot-phu-nu-khuyet-tat-bi-sat-hai-trong-dem-20170905141636567.htm,phap-luat,5,9,2017
285664,https://tuoitre.vn/bi-cao-thu-nga-noi-khong-loi-dung-danh-nghia-dbqh-de-lam-an-20171010160217427.htm,phap-luat,10,10,2017
315579,https://tuoitre.vn/truy-bo-y-te-ve-nhung-bat-thuong-trong-cap-phep-vn-pharma-20171024142102906.htm,phap-luat,24,10,2017
306428,https://tuoitre.vn/tuyen-an-34-bi-cao-nguyen-la-can-bo-hai-quan-an-giang-2000010136003.htm,phap-luat,28,10,2017
315575,https://tuoitre.vn/giam-doc-vn-pharma-nguyen-minh-hung-khoc-nuc-no-tai-toa-20171024170338415.htm,phap-luat,24,10,2017
285714,https://tuoitre.vn/son-la-khoi-to-them-giam-doc-so-tai-nguyen-moi-truong-20171119180357834.htm,phap-luat,19,11,2017
271923,https://tuoitre.vn/clip-dien-vien-quynh-tu-lai-khoc-nuc-no-tai-phien-toa-oceanbank-20170907100719059.htm,phap-luat,7,9,2017
272336,https://tuoitre.vn/nhung-vu-an-duoc-ban-doc-quan-tam-nhat-nam-2017-20180101063047741.htm,phap-luat,1,1,2018
272375,https://tuoitre.vn/se-dan-giai-ong-tran-bac-ha-ra-toa-neu-vang-mat-20180109074050517.htm,phap-luat,9,1,2018
272376,https://tuoitre.vn/ong-dinh-la-thang-doi-dien-cao-buoc-gi-tai-toa-20180108134650584.htm,phap-luat,9,1,2018
272380,https://tuoitre.vn/muc-an-de-nghi-voi-ong-dinh-la-thang-va-21-dong-pham-20180111152922565.htm,phap-luat,11,1,2018
272386,https://tuoitre.vn/ong-dinh-la-thang-nhieu-lan-nghen-ngao-khi-tu-bao-chua-20180113174140728.htm,phap-luat,13,1,2018
272631,https://tuoitre.vn/88-nguoi-trong-duong-day-danh-bac-ngan-ti-co-tuong-cong-an-bao-ke-2018041109244912.htm,phap-luat,11,4,2018
285825,https://tuoitre.vn/ban-an-cua-ong-dinh-la-thang-va-cac-dong-pham-20180122113235047.htm,phap-luat,22,1,2018
306478,https://tuoitre.vn/21-nguoi-cung-hau-toa-trong-vu-an-ong-dinh-la-thang-la-ai-20180108114902099.htm,phap-luat,8,1,2018
306482,https://tuoitre.vn/sai-pham-khien-ong-dinh-la-thang-trinh-xuan-thanh-phai-hau-toa-20180107221201612.htm,phap-luat,8,1,2018
306523,https://tuoitre.vn/toa-tra-ho-so-vu-that-thoat-hang-tram-ti-dong-tai-cong-ty-luong-thuc-hau-giang-20180305163152557.htm,phap-luat,5,3,2018
315642,https://tuoitre.vn/toan-canh-cong-an-kham-nha-2-cuu-chu-tich-ubnd-tp-da-nang-20180418143114122.htm,phap-luat,18,4,2018
317042,https://tuoitre.vn/video-ten-cuop-bit-mat-dap-kinh-cuop-tiem-vang-trong-vong-10-giay-20180205135941149.htm,phap-luat,5,2,2018
198785,https://tuoitre.vn/cuoi-tuan-di-dau-choi-o-sai-gon-20170929170718556.htm,kham-pha,29,9,2017
198786,https://tuoitre.vn/nguoi-sai-gon-nghi-gi-ve-noi-tuc-chui-the-20171001124702528.htm,kham-pha,1,10,2017
198788,https://tuoitre.vn/trung-thu-xua-trung-thu-nay-qua-hi-hoa-vui-nhon-20171002085320403.htm,kham-pha,3,10,2017
198791,https://tuoitre.vn/nhieu-su-kien-van-hoa-cho-gioi-tre-sai-gon-cuoi-tuan-20171013151937285.htm,kham-pha,13,10,2017
198792,https://tuoitre.vn/nguoi-ta-bao-thu-sau-ngay-13-den-dui-minh-thi-20171012194018551.htm,kham-pha,13,10,2017
198793,https://tuoitre.vn/cac-co-gai-muon-duoc-tang-gi-ngay-20-10-20171016112649314.htm,kham-pha,17,10,2017
198795,https://tuoitre.vn/bao-tang-ky-vat-nhung-moi-tinh-tan-vo-20171019100656066.htm,kham-pha,21,10,2017
198798,https://tuoitre.vn/cuoi-tuan-di-dau-choi-halloween-o-sai-gon-2017102716172127.htm,kham-pha,27,10,2017
198799,https://tuoitre.vn/san-sang-cat-toc-ung-ho-benh-nhan-ung-thu-vu-20171029122702911.htm,kham-pha,29,10,2017
198802,https://tuoitre.vn/nho-nguoi-la-that-ca-vat-va-ket-qua-cam-dong-20171103142139982.htm,kham-pha,4,11,2017
198806,https://tuoitre.vn/phai-manh-cham-soc-da-nhu-the-nao-20170923094816732.htm,kham-pha,16,11,2017
198807,https://tuoitre.vn/thay-co-khong-phat-gi-het-tron-chi-ha-hanh-kiem-thoi-a-20171118095758111.htm,kham-pha,18,11,2017
198808,https://tuoitre.vn/ban-tre-dang-doc-sach-gi-20171203235550421.htm,kham-pha,4,12,2017
198810,https://tuoitre.vn/chi-pheo-khong-anh-huong-xau-den-hoc-sinh-20171210154503537.htm,kham-pha,14,12,2017
198811,https://tuoitre.vn/2017-trong-toi-di-nhieu-trai-nghiem-nhieu-hon-20171215195344814.htm,kham-pha,16,12,2017
198812,https://tuoitre.vn/ban-du-dinh-don-noel-nam-nay-nhu-the-nao-20171218083233278.htm,kham-pha,18,12,2017
235779,https://tuoitre.vn/sai-gon-cuoi-tuan-tha-ho-check-in-20170922180742348.htm,kham-pha,22,9,2017
235784,https://tuoitre.vn/toi-nay-trung-thu-ban-di-dau-choi-20171004113151832.htm,kham-pha,4,10,2017
235785,https://tuoitre.vn/bac-bao-ve-truong-le-hong-phong-khong-hoc-sinh-noi-nao-nhu-truong-nay-20171003192155705.htm,kham-pha,4,10,2017
235789,https://tuoitre.vn/cuoi-tuan-tung-bung-cho-phai-dep-sai-gon-20171020140327264.htm,kham-pha,20,10,2017
235790,https://tuoitre.vn/quan-ca-phe-sai-gon-mien-phi-cho-khach-nu-neu-2017102310583378.htm,kham-pha,24,10,2017
235793,https://tuoitre.vn/thong-diep-tu-so-do-dac-biet-cua-cac-thi-sinh-hoa-hau-peru-20171108123257873.htm,kham-pha,9,11,2017
235795,https://tuoitre.vn/gioi-tre-dung-smartphone-de-ghien-xao-nhang-hoc-tap-20171116120143515.htm,kham-pha,17,11,2017
235796,https://tuoitre.vn/ban-tre-lua-chon-phim-chieu-rap-nhu-the-nao-20171208154300718.htm,kham-pha,11,12,2017
247856,https://tuoitre.vn/cho-phien-ban-do-re-nhu-nguoi-yeu-cu-20171002111649817.htm,kham-pha,2,10,2017
247858,https://tuoitre.vn/ban-con-thuoc-cau-kieu-nao-khong-the-20171010092002934.htm,kham-pha,18,10,2017
247859,https://tuoitre.vn/nang-dong-voi-nhieu-su-kien-cuoi-tuan-sai-gon-20171103143601623.htm,kham-pha,3,11,2017
253978,https://tuoitre.vn/trong-ly-cocktail-khong-chi-co-ruou-va-nuoc-qua-20170911181039024.htm,kham-pha,12,9,2017
253980,https://tuoitre.vn/biet-cach-do-duong-de-qua-song-suoi-an-toan-20171013133341178.htm,kham-pha,14,10,2017
253981,https://tuoitre.vn/quan-com-nu-cuoi-khong-phan-biet-sinh-vien-ngheo-hay-giau-20171013212954655.htm,kham-pha,14,10,2017
257050,https://tuoitre.vn/xe-om-cong-nghe-hut-khach-hang-nhu-the-nao-20171122203124495.htm,kham-pha,23,11,2017
258491,https://tuoitre.vn/nguoi-tre-noi-gi-ve-tuan-le-cap-cao-apec-2017-20171106193024064.htm,kham-pha,7,11,2017
259204,https://tuoitre.vn/nhieu-hoi-cho-cho-gioi-tre-sai-gon-kham-pha-cuoi-tuan-20171006161136304.htm,kham-pha,6,10,2017
198817,https://tuoitre.vn/diem-lai-trao-luu-lam-suc-soi-cu-dan-mang-nam-2017-20180101084437223.htm,kham-pha,1,1,2018
198818,https://tuoitre.vn/cho-sale-cuoi-tuan-thu-hut-ban-tre-20180102091458144.htm,kham-pha,5,1,2018
198825,https://tuoitre.vn/cau-hon-co-can-rar-truoc-cong-chung-20180120201623552.htm,kham-pha,21,1,2018
198827,https://tuoitre.vn/nguoi-ham-mo-gui-loi-nhan-nhu-tuyen-thu-u-23-viet-nam-20180122132155422.htm,kham-pha,23,1,2018
198837,https://tuoitre.vn/ban-tre-kheo-tay-trang-tri-tai-loc-cho-dua-hau-tet-20180214133738538.htm,kham-pha,14,2,2018
198840,https://tuoitre.vn/ban-co-con-thich-nhan-li-xi-khong-20180202173335886.htm,kham-pha,14,2,2018
198845,https://tuoitre.vn/quan-trong-la-than-thai-va-loat-trao-luu-cuc-de-thuong-dau-nam-20180302161554263.htm,kham-pha,2,3,2018
198849,https://tuoitre.vn/5-quan-ca-phe-tuyet-dep-de-dua-nhau-di-tron-20180307163621014.htm,kham-pha,8,3,2018
198858,https://tuoitre.vn/vi-sao-nen-cuoi-khi-bi-choi-kham-ngay-ca-thang-tu-20180331190245872.htm,kham-pha,1,4,2018
198865,https://tuoitre.vn/hoa-anh-dao-no-rop-troi-hut-hon-gioi-tre-seoul-20180410212304284.htm,kham-pha,11,4,2018
198876,https://tuoitre.vn/7-diem-vui-choi-gan-sai-gon-cho-ban-tre-dip-le-30-4-va-1-5-2018042708592726.htm,kham-pha,27,4,2018
235799,https://tuoitre.vn/mo-hinh-ca-phe-cho-meo-thu-hut-ban-tre-2018010211341533.htm,kham-pha,4,1,2018
235803,https://tuoitre.vn/valentine-giap-tet-cap-doi-yeu-xa-hen-ho-nam-moi-20180207082231658.htm,kham-pha,13,2,2018
235807,https://tuoitre.vn/con-gai-va-benh-than-tho-khong-co-gi-de-mac-20180308201243407.htm,kham-pha,9,3,2018
235808,https://tuoitre.vn/suc-hut-tu-cac-trao-luu-ngoai-nhap-voi-dan-mang-viet-20180313155011953.htm,kham-pha,13,3,2018
235818,https://tuoitre.vn/ban-tre-va-muon-kieu-giam-cang-thang-ki-thi-20180417170040819.htm,kham-pha,18,4,2018
235823,https://tuoitre.vn/thu-vui-giai-tri-cua-tre-thoi-nay-khac-ngay-xua-the-nao-20180508162806746.htm,kham-pha,8,5,2018
247866,https://tuoitre.vn/bao-ve-tre-nho-truoc-nguy-co-bi-bat-coc-20180122082005572.htm,kham-pha,22,1,2018
247867,https://tuoitre.vn/thu-vui-an-khuya-via-he-o-sai-gon-2018011812290594.htm,kham-pha,22,1,2018
247869,https://tuoitre.vn/lam-gi-khi-ban-muon-co-mot-hinh-xam-20180116164438295.htm,kham-pha,22,1,2018
247870,https://tuoitre.vn/ban-tre-thich-don-giao-thua-cung-gia-dinh-hay-ban-be-20180215104820436.htm,kham-pha,15,2,2018
247872,https://tuoitre.vn/6-am-anh-tham-can-co-de-cua-con-gai-mua-tet-20180211134443617.htm,kham-pha,15,2,2018
247873,https://tuoitre.vn/cuoc-song-hoan-toan-khac-biet-cua-nguoi-doc-than-va-co-nguoi-yeu-20180309155413682.htm,kham-pha,11,3,2018
247876,https://tuoitre.vn/ke-su-doi-doi-vo-chong-xay-dao-song-an-giua-thien-nhien-20180420133001586.htm,kham-pha,20,4,2018
253985,https://tuoitre.vn/hoi-nu-xe-lai-xe-phan-khoi-lon-20180218112938274.htm,kham-pha,19,2,2018
260007,https://tuoitre.vn/infographic-chinh-sach-quan-trong-co-hieu-luc-tu-1-1-2016-1025866.htm,phap-ly,27,12,2015
261214,https://tuoitre.vn/nhung-chinh-sach-noi-bat-co-hieu-luc-tu-thang-3-2016-1059796.htm,phap-ly,5,3,2016
260017,https://tuoitre.vn/tu-choi-dang-kiem-do-chua-nop-phat-la-trai-luat-20171013135653272.htm,phap-ly,13,10,2017
261219,https://tuoitre.vn/kiem-soat-tai-san-tham-nhung-can-co-luat-tai-san-bat-minh-20171030144641183.htm,phap-ly,30,10,2017
261222,https://tuoitre.vn/nghi-quyet-112-khai-tu-nhung-thu-tuc-giay-to-gi-20171107150243231.htm,phap-ly,7,11,2017
260034,https://tuoitre.vn/8-toi-danh-khong-con-hinh-phat-tu-hinh-tu-1-1-2018-20180101190737798.htm,phap-ly,1,1,2018
276282,https://tuoitre.vn/ket-qua-giao-dich-chung-khoan-ngay-3-1-2008-237081.htm,tai-chinh,4,1,2008
276291,https://tuoitre.vn/ket-qua-giao-dich-chung-khoan-9-1-2008-238016.htm,tai-chinh,10,1,2008
276293,https://tuoitre.vn/ket-qua-giao-dich-chung-khoan-ngay-11-1-2008-238317.htm,tai-chinh,12,1,2008
276299,https://tuoitre.vn/gia-tham-khao-co-phieu-otc-cap-nhat-ngay-13-1-2008-238597.htm,tai-chinh,14,1,2008
276309,https://tuoitre.vn/thi-truong-chung-khoan-tu-ngay-14-den-18-1-239662.htm,tai-chinh,20,1,2008
276312,https://tuoitre.vn/ket-qua-giao-dich-chung-khoan-ngay-21-1-2008-239935.htm,tai-chinh,22,1,2008
276317,https://tuoitre.vn/ket-qua-giao-dich-chung-khoan-ngay-23-1-2008-240196.htm,tai-chinh,24,1,2008
276322,https://tuoitre.vn/gia-tham-khao-co-phieu-otc-cap-nhat-ngay-27-1-2008-240861.htm,tai-chinh,28,1,2008
276333,https://tuoitre.vn/ket-qua-giao-dich-chung-khoan-ngay-29-1-2008-241227.htm,tai-chinh,30,1,2008
276337,https://tuoitre.vn/ket-qua-giao-dich-chung-khoan-ngay-12-2-2008-242814.htm,tai-chinh,13,2,2008
276345,https://tuoitre.vn/ket-qua-giao-dich-chung-khoan-ngay-18-2-2008-243477.htm,tai-chinh,19,2,2008
276348,https://tuoitre.vn/ket-qua-giao-dich-chung-khoan-ngay-20-2-2008-243801.htm,tai-chinh,21,2,2008
276349,https://tuoitre.vn/ket-qua-giao-dich-chung-khoan-ngay-22-2-2008-244114.htm,tai-chinh,23,2,2008
276354,https://tuoitre.vn/gia-tham-khao-co-phieu-otc-cap-nhat-ngay-24-2-2008-244405.htm,tai-chinh,25,2,2008
276366,https://tuoitre.vn/ket-qua-giao-dich-chung-khoan-ngay-5-3-2008-245966.htm,tai-chinh,6,3,2008
276395,https://tuoitre.vn/thi-truong-chung-khoan-tu-17-den-21-3-248976.htm,tai-chinh,24,3,2008
276470,https://tuoitre.vn/thong-tin-thi-truong-257609.htm,tai-chinh,15,5,2008
276505,https://tuoitre.vn/ket-qua-giao-dich-chung-khoan-ngay-12-6-2008-262862.htm,tai-chinh,12,6,2008
287709,https://tuoitre.vn/gia-tham-khao-co-phieu-otc-237565.htm,tai-chinh,7,1,2008
287718,https://tuoitre.vn/ket-qua-giao-dich-chung-khoan-ngay-14-1-2008-238793.htm,tai-chinh,15,1,2008
287721,https://tuoitre.vn/ket-qua-giao-dich-chung-khoan-ngay-18-1-2008-239410.htm,tai-chinh,19,1,2008
287723,https://tuoitre.vn/ket-qua-giao-dich-chung-khoan-ngay-22-1-2008-240050.htm,tai-chinh,23,1,2008
287737,https://tuoitre.vn/ket-qua-giao-dich-chung-khoan-ngay-28-2-2008-245025.htm,tai-chinh,28,2,2008
287739,https://tuoitre.vn/ket-qua-giao-dich-chung-khoan-ngay-27-2-2008-244901.htm,tai-chinh,28,2,2008
287743,https://tuoitre.vn/gia-tham-khao-co-phieu-otc-cap-nhat-ngay-2-3-2008-245438.htm,tai-chinh,3,3,2008
287758,https://tuoitre.vn/gia-tham-khao-co-phieu-otc-ngay-23-3-2008-248975.htm,tai-chinh,23,3,2008
287759,https://tuoitre.vn/gia-tham-khao-co-phieu-otc-ngay-23-3-2008-248974.htm,tai-chinh,23,3,2008
287852,https://tuoitre.vn/dieu-chinh-bien-do-hai-san-len-muc-±-5-va-±-7-273620.htm,tai-chinh,14,8,2008
307384,https://tuoitre.vn/ket-qua-giao-dich-chung-khoan-ngay-4-1-2008-237227.htm,tai-chinh,5,1,2008
307388,https://tuoitre.vn/gia-tham-khao-co-phieu-otc-20-1-239661.htm,tai-chinh,21,1,2008
307389,https://tuoitre.vn/ket-qua-giao-dich-chung-khoan-ngay-28-1-2008-241073.htm,tai-chinh,29,1,2008
307395,https://tuoitre.vn/ket-qua-giao-dich-chung-khoan-ngay-13-2-2008-242933.htm,tai-chinh,14,2,2008
307399,https://tuoitre.vn/ket-qua-giao-dich-chung-khoan-ngay-21-2-2008-243957.htm,tai-chinh,22,2,2008
316057,https://tuoitre.vn/ket-qua-giao-dich-chung-khoan-ngay-8-1-2008-237886.htm,tai-chinh,9,1,2008
316063,https://tuoitre.vn/ket-qua-giao-dich-chung-khoan-ngay-24-1-2008-240382.htm,tai-chinh,25,1,2008
317265,https://tuoitre.vn/gia-tham-khao-co-phieu-otc-nhat-ngay-17-2-2008-243371.htm,tai-chinh,18,2,2008
318866,https://tuoitre.vn/ket-qua-giao-dich-chung-khoan-ngay-1-2-2008-241798.htm,tai-chinh,2,2,2008
